species,SpeciesID,PMID
A. alcalica,40169,36250323
A. caviae,648,27737605
A. gerrardii,875634,38035483
A. glaucus,40226,29681022
A. gottschalkii,108328,18957864
A. grahami,87886,36250323
A. halimus,240028,27010414
A. littoralis,110874,26476701
A. penicillioides,41959,27871132
A. pullulans,5580,17298474
A. thaliana,3702,25308761
AM-001,1418,15999223
AMnr1,622665,19779762
AO1,340959,30105570
ATCC 43099,13769,22559199
ATCC BAA-393,159292,12728359
Acacia gerrardii,875634,38035483
Acinetobacter Ver3,466088,26647770
Acinetobacter baumannii,470,36094301
Acinetobacter sp,472,33645540
Acinetobacter sp. Ver3,466088,33645540
Acinetobacter sp. Ver3,466088,30485446
Aeluropus littoralis,110874,26476701
Aeromonas caviae,648,27737605
Agarivorans sp,1872412,19002649
Agarivorans sp. JAM-A1m,507618,19002649
Agromyces indicus,758919,24817611
Alcolapia grahami,87886,36250323
Alicyclobacillus,61169,30656425
Alicyclobacillus sp,61169,30656425
Alkalibacillus haloalkaliphilus C-5,1193119,22887673
Alkalibacter saccharofermentans,235931,15127306
Alkalibacterium sp. TRTYP6,1581170,27362528
Alkalilactibacillus,486507,22297696
Alkalilactibacillus ikkensis,486507,22297696
Alkalilimnicola halodurans,133194,16491340
Alkalilimnicola sp,1872450,16491340
Alkalimonas amylolytica,152573,22583823
Alkalimonas amylolytica,152573,24297704
Alkalispirillum mobile,85925,16491340
Alpha-proteobacteria,28211,18427718
Amphibacillus tropicus,173040,18769867
Amphibacillus tropicus,173040,22297696
Anaerobranca gottschalkii,108328,18957864
Anditalea andensis,1048983,26171779
Anoxybacillus kamchatkensis,196180,31407121
Antarctomyces pellizariae,1955577,32389811
Aphanothece,72020,24375141
Aphanothece clathrata,1521602,15064977
Aphanothece halophytica,72020,24375141
Arabidopsis,3702,31338597
Arabidopsis,3702,24214268
Arabidopsis,3702,34256694
Arabidopsis,3702,25496221
Arabidopsis,3702,31781937
Arabidopsis thaliana,3702,33030592
Arabidopsis thaliana,3702,25308761
Arabidopsis thaliana,3702,31338597
Arthrospira,35824,28045976
Arthrospira sp,35824,28045976
Aspergillus,746128,31938738
Aspergillus fumigatus,746128,31938738
Aspergillus glaucus,41413,29290045
Aspergillus nidulans,162425,37367588
Aspergillus nidulans,162425,11354456
Aspergillus niger,5061,30863668
Aspergillus penicillioides,41959,27871132
Aspergillus sp,5065,38225962
Atriplex,240028,27010414
Atriplex halimus,240028,27010414
Aureobasidium pullulans,5580,17298474
Aureobasidium pullulans,5580,30400922
B. amyloliquefaciens,1390,27142029
B. anthracis,1392,24817611
B. atrophaeus,1452,31218179
B. cereus,1396,37474779
B. clausii,79880,17429572
B. clausii,79880,24915287
B. firmus OF4,79885,9783168
B. flexus,86664,33208066
B. halmapalus,79882,11878564
B. halodurans,86665,10972189
B. halodurans C-125,272558,10972189
B. macrocarpa,343494,26588061
B. paraconglomeratum,173362,36149604
B. pseudofirmus OF4,398511,18048917
B. subtilis,1423,30266724
B. subtilis,1423,9783168
B. subtilis,1423,11057908
B. subtilis,1423,26026992
B. subtilis,1423,24915287
B. subtilis,1423,10805564
B. subtilis,1423,10972189
BCRC 17406,307486,16215773
BY,34395,29538737
Bacillus,1925021,35587636
Bacillus,72581,9672682
Bacillus,445330,18401746
Bacillus,1408,27891113
Bacillus,109322,15022105
Bacillus,398511,20344941
Bacillus,260554,34681129
Bacillus,,9672682
Bacillus,76935,22260050
Bacillus,1390,11699647
Bacillus,340959,30105570
Bacillus,1408,31407121
Bacillus,66692,27771767
Bacillus,272558,10805564
Bacillus,109789,9680321
Bacillus,227866,32424739
Bacillus Subtilis,1423,27114252
Bacillus YN-1,72581,9672682
Bacillus agaradhaerens,76935,22260050
Bacillus alcalophilus,1445,11057913
Bacillus amyloliquefaciens,1390,27142029
Bacillus amyloliquefaciens,1390,11699647
Bacillus amyloliquefaciens,1390,35137293
Bacillus arseniciselenatis,85682,19779762
Bacillus atrophaeus,1452,31218179
Bacillus beveridgei,632773,19536453
Bacillus cereus,1396,37474779
Bacillus clausii,79880,24915287
Bacillus clausii,79880,17429572
Bacillus clausii KSM-K16,66692,27771767
Bacillus cohnii,33932,11057913
Bacillus firmus OF4,79885,9783168
Bacillus flexus,86664,33208066
Bacillus halmapalus,79882,11878564
Bacillus halodurans,86665,17006740
Bacillus halodurans C-125,272558,10972189
Bacillus halodurans C-125,272558,10805564
Bacillus halodurans C-125,272558,11057908
Bacillus halotolerans,260554,34681129
Bacillus haynesii,1925021,32424739
Bacillus haynesii,1925021,35587636
Bacillus iranensis,930128,26696418
Bacillus iranensis-,930128,26696418
Bacillus licheniformis,1402,31407121
Bacillus licheniformis,1402,32424739
Bacillus litoralis,152268,24817611
Bacillus marmarensis DSM 21297,1188261,30457468
Bacillus pseudofirmus,79885,20344941
Bacillus pseudofirmus OF4,398511,20344941
Bacillus pseudofirmus OF4,398511,11029415
Bacillus pseudofirmus OF4,398511,18048917
Bacillus pumilus,1408,31407121
Bacillus pumilus,1408,27891113
Bacillus rRNA group 1,1386,18769867
Bacillus rRNA group 1,1386,22297696
Bacillus simplex,1478,32050135
Bacillus sp,1409,11354456
Bacillus sp,1409,11057908
Bacillus sp,1409,32617734
Bacillus sp.,1409,11057913
Bacillus sp. 8SB,445330,18401746
Bacillus sp. AO1,340959,30105570
Bacillus sp. KSM-635,1415,9680303
Bacillus sp. KSM-S237,109789,9680321
Bacillus sp. N16-5,122631,15316858
Bacillus sp. NPST-AK15,1623497,26159877
Bacillus sp. WW3-SN6,92608,10972188
Bacillus sp. strai,122089,11354456
Bacillus sp. strai,122089,11139081
Bacillus sp. strai,622665,19779762
Bacillus sp. strain,1418,15999223
Bacillus sp. strain,66692,17429572
Bacillus sp. strain J,253629,15999223
Bacillus sp. strain K,109322,15022105
Bacillus sp. strain NP,1623497,26159877
Bacillus subtilis,1423,9783168
Bacillus subtilis,1423,31938738
Bacillus subtilis,1423,26026992
Bacillus subtilis,1423,11139081
Bacillus subtilis,1423,18048917
Bacillus subtilis,1423,10805564
Bacillus subtilis,1423,11699647
Bacillus subtilis,1423,11057908
Bacillus subtilis,1423,27114252
Bacillus subtilis,1423,31407121
Bacillus subtilis,1423,30266724
Bacillus subtilis,1423,15999223
Bacillus subtilis,1423,11057913
Bacillus subtilis str. 168,224308,29497843
Bacillus tequilensis,227866,32424739
Bacillus zhangzhouensis,1178540,32617734
Bacillus-Clostridium group,1239,15252724
Beta macrocarpa,343494,26588061
Beta macrocarpa Guss,343494,26588061
Bhargavaea,394098,35190857
Bhargavaea cecembensis,394098,35190857
Black Yeasts,34395,29538737
Black yeasts,34395,29538737
Brachybacterium paraconglomeratum,173362,36149604
Brassica oleracea var,3712,31722266
Brevibacillus choshinensis,54911,31734848
C. aquaticum,452084,19888547
C. coronopifolia,174445,21555270
C. jejuense,445960,19888547
C. maritima,220483,31048216
C. rosea,3825,35742848
C. rosea,3825,35052375
C. rosea,3825,34256694
C. rosea,3825,33925342
C. soldanellicola,311333,19888547
C. soli,445961,19888547
C. thermarum TA2.A1,986075,37577439
CATs,9685,26859958
CBS 119416,1052096,31938738
CICC 11012s,1930622,29270851
CICC 11012s,1930622,33123748
Caenorhabditis elegans,6239,31564490
Cakile maritima,220483,31048216
Caldalkalibacillus thermarum TA2.A1,986075,37577439
Caldalkalibacillus thermarum TA2.A1,986075,33030592
Caldalkalibacillus thermarum strain,986075,33030592
Caldanaerovirga acetigignens,447595,19625440
Canavalia rosea,3825,33925342
Canavalia rosea,3825,34256694
Canavalia rosea,3825,35052375
Canavalia rosea,3825,35742848
Canavalia rosea (Sw.) DC,3825,34256694
Candida albicans,5476,31938738
Candidatus Heliomonas lunata,553978,22588563
Candidatus Heliomonas lunata',553978,22588563
Cellulomonas fimi,1708,15999223
Cellvibrio japonicus,155077,15999223
Chitinophaga pinensis,79329,22052561
Chlamydomonas sp. ICE-L,309537,20373120
Chloromonas nivalis,201319,23625082
Chryseobacterium,345663,19888547
Chryseobacterium aquaticum,452084,19888547
Chryseobacterium greenlandense,345663,19888547
Chryseobacterium jejuense,445960,19888547
Chryseobacterium soldanellicola,311333,19888547
Chryseobacterium soli,445961,19888547
Chthoniobacter flavus,191863,37474779
Chungangia koreensis,752657,24817611
Cladosporium,1052096,31938738
Cladosporium sp,1707700,34228196
Cloning,31851,35137293
Clostridium intestinale stra,1294142,36094301
Colletotrichum gloeosporioides f. sp. malvae,96478,11354456
Collophora,2011735,27215207
Collophora sp,2011735,27215207
Congregibacter litoralis,393662,18385928
Cotula coronopifolia,174445,21555270
Cryptococcus,1847937,27215207
Cryptococcus liquefaciens,104408,17298474
Cryptococcus sp. T11-10-1,1847937,27215207
Cryptococcus) friedmannii,89922,30266724
Curvularia lonarensis,1912045,27920761
Curvularia pseudorobusta,554547,27920761
Curvularia sp.,1715225,27920761
Cyanidioschyzon merolae,45157,24726350
D. acidophila,38272,27484342
D. alkaliphilus,427926,37520367
D. lacustre Z-7951,935942,23881259
D. maris,37915,9783184
D. radiodurans,1299,20657662
DSM 14871,159292,12728359
DY-A,221588,12910392
Deinococcus radiodurans,1299,20657662
Deinococcus radiodurans DSM 20539,1121384,36000901
Dermatocarpon polyphyllizum,172334,30282060
Desulfonatronovibrio,698827,21479878
Desulfonatronovibrio magnus,698827,21479878
Desulfonatronovibrio thiodismutans,617000,21479878
Desulfonatronum,617002,21479878
Desulfonatronum,489971,23881259
Desulfonatronum buryatense,489971,23881259
Desulfonatronum thioautotrophicum,617001,21479878
Desulfonatronum thiodismutans,159290,21605309
Desulfonatronum thiosulfatophilum,617002,21479878
Desulfurispira natronophila,682562,20407798
Desulfurivibrio alkaliphilus,427923,24030483
Desulfurivibrio sp. AMeS2,1398908,24030483
Dethiobacter alkaliphilus,427926,24030483
Dethiobacter alkaliphilus,427926,37520367
Dictyostelium discoideum,44689,11878564
Didymella glomerata,749621,31938738
Didymellaceae sp,1907517,37029326
Dietzia,161920,9783184
Dietzia maris,37915,9783184
Dietzia natronolimnaios,161920,9783184
Dietzia sp,1871616,36031955
Dunaliella acidophila,38272,27484342
E. albidus,6390,29689924
E. coli,562,36362210
E. coli,562,21894491
E. coli,562,32528424
E. coli,562,36000998
E. coli,562,31407121
E. coli,562,29932648
E. coli,562,38252174
E. coli,562,33123748
E. coli,562,24996797
E. coli,562,22327111
E. coli,562,24375141
E. coli,562,24297704
E. coli,562,36131073
E. coli,562,31734848
E. coli,562,24915287
E. coli,562,35137293
E. halophilus,251717,34402982
E. ivorense,53877,30716444
E. salsugineum,72664,31481201
E. sibiricum,332410,18335164
E. suaveolens,69058,30716444
E. thermarum,197648,12910386
EF43,133486,11778838
EGI 80432,1670830,34402982
Echinamoeba,197648,12910386
Echinamoeba thermarum,197648,12910386
Egicoccus halophilus,1670830,34402982
Enchytraeus,6390,29689924
Enchytraeus albidus,6390,29689924
Enchytraeus polatdemiri,2175851,29689924
Enrichment,1566338,19536453
Epicoccum nigrum,105696,34228196
Epicoccum sorghinum,749593,31938738
Erythrophleum ivorense,53877,30716444
Escherichia coli,562,24375141
Escherichia coli,562,22327111
Escherichia coli,562,33515353
Escherichia coli,562,25450641
Escherichia coli,562,31338597
Escherichia coli,562,24297704
Escherichia coli,562,11699647
Escherichia coli,562,9783168
Escherichia coli,562,24996797
Escherichia coli,562,36131073
Escherichia coli,562,17215355
Escherichia coli,562,16601914
Escherichia coli,562,26026992
Escherichia coli,562,17006740
Escherichia coli,562,31938738
Escherichia coli,562,38252174
Escherichia coli,562,30863668
Escherichia coli,562,15844013
Escherichia coli,562,29270851
Escherichia coli,562,18048917
Escherichia coli,562,26171779
Escherichia coli B,37762,36000998
Escherichia coli BL21(DE3),469008,27209523
Escherichia coli DH5alpha,668369,35137293
Euphrates poplar,75702,35587636
Eutrema salsugineum,72664,31481201
Eutrema salsugineum,72664,25496221
Eutrema salsugineum,72664,31781937
Exiguobacterium alkaliphilum,1428684,38010865
Exiguobacterium sibiricum,332410,18335164
Exiguobacterium sp. S17,856854,30485446
Exophiala sp. 15LV1,1550092,30266724
Exophiala sp. strai,1550092,30266724
Fibrobacter succinogenes,833,15480866
Filamentous anoxygenic phototrophic bacteria,1106,26290358
Fischerella sp,1191,34545451
G. daedala,178532,29779132
G. maxima,178533,29779132
G. sulphuraria,130081,29779132
G. thermoleovorans,33941,34669438
G. toebii,153151,21461912
G. toebii (strain,153151,21461912
Gaiella occulta,1002870,37474779
Galdieria phlegrea,1389228,29779132
Geobacillus,1334018,24287927
Geobacillus,33941,34669438
Geobacillus sp,1891658,31388592
Geobacillus sp. 95,1334018,24287927
Geobacillus sp. st,1334018,24287927
Geobacillus thermoleovorans,33941,34669438
Geobacillus toebii,153151,21461912
Geodermatophilus obscurus,1861,22359317
Glaciozyma antarctica,105987,32157393
H. glaciei,186761,12579380
H. marismortui,2238,17215355
H. maura,117606,29018969
H. miurensis,306541,22297696
H. strobilaceum,239185,35652980
H. variabilis,31910,12579380
H. volcanii,2246,21894491
H. werneckii,91943,17298474
HB8,274,12072958
HB8,274,22212656
HR10B,553427,22588563
Halalkalicoccus jeotgali,413810,18097633
Halanaeroarchaeum sulfurireducens,1604004,33620581
Halarsenatibacter silvermanii,321763,19218420
Haloarcula marismortui,2238,17215355
Haloarcula quadrata,182779,21340748
Halobacterium salinarum,2242,17406782
Halobacterium salinarum,2242,12382117
Halobacterium volcanii,2246,7908011
Halocella cellulolytica,46467,15480866
Halocnemum strobilaceum,239185,35652980
Haloferax elongans,403191,21340748
Haloferax mediterranei,2252,21340748
Haloferax volcanii,2246,21894491
Halolactibacillus miurensis,306541,22297696
Halomonas,186761,12579380
Halomonas,44933,10741837
Halomonas,1486246,11778838
Halomonas alkaliantarctica,232346,20890499
Halomonas alkalicola,1930622,33123748
Halomonas alkalicola,1930622,29270851
Halomonas aquamarina,77097,26439615
Halomonas campisalis,74661,14572091
Halomonas cupida,44933,10741837
Halomonas desiderata,52021,10741837
Halomonas elongata,2746,24297704
Halomonas elongata,2746,10741837
Halomonas glaciei,186761,12579380
Halomonas halodenitrificans,28252,10741837
Halomonas magadii,150024,10741837
Halomonas maura,117606,29018969
Halomonas sp,1486246,31768644
Halomonas sp,1486246,11778838
Halomonas sp,1486246,36572161
Halomonas sp,1486246,26439615
Halomonas sp. EF43,133486,11778838
Halomonas sp. Y2,408656,27315164
Halomonas zhaodongensis,1176240,24996797
Halonatronum saccharophilum,150060,18378586
Halorhabdus utahensis,146826,19218420
Halorhodospira halochloris,1052,34310933
Halovivax sp,1935978,18097633
Hedysarum multijugum,1402425,35398716
Heliorestis,553427,22588563
Heliorestis                         acidaminivorans,553427,22588563
Heliorestis acidaminivorans,553427,22588563
Hg2,2699479,37847305
Hg2,2699479,22260050
Holtermanniella wattica,207911,30266724
Holtermanniella watticus,207911,30266724
Homo sapiens,9606,15999223
Hordeum vulgare L,4513,21974779
Horseradish,3704,29958498
Hortaea werneckii,91943,17298474
Hypsibius dujardini,232323,31624306
JAMB-750,253629,15999223
K. polaris,136273,24817611
KSM-K16,66692,17429572
KSM-S237,109789,9680321
Ki4,489971,23881259
Ki5,489971,23881259
L. sativus,3860,32050135
LBB1,1188254,37481751
LGG,568703,30701281
LGG strain,568703,30701281
LMD-9,322159,30701281
LMG 22826,307486,16215773
Lactobacillus sp,1591,29292148
Lathyrus sativus,3860,32050135
Luteibacter sp,1886636,32050135
M. alcaliphilum,392018,36260502
M. aquaeolei str,351348,15322951
M. hydrocarbonoclasticus,2743,15322951
MLTeJB,632773,19536453
MS2,2710868,33255932
Magadi tilapia,40169,26547282
Mammoth,37349,31606813
Marinobacter,254719,15322951
Marinobacter alkaliphilus,254719,15322951
Marinomonas primoryensis,178399,33090301
Melghiribacillus thermohalophilus,1324956,31236718
Metagenomes,408169,31592688
Metapenaeus monoceros,1211424,31236718
Methanococcus aeolicus,42879,23568449
Methanomassiliicoccus luminyensis,1080712,23568449
Methanomethylovorans thermophila,286152,23568449
Methylobacter,271065,10879559
Methylobacter alcaliphilus,271065,10879559
Methylomicrobium,39776,10879559
Methylomicrobium alcaliphilum,271065,24638260
Methylomicrobium pelagicum,39776,10879559
Methyloversatilis universalis,378211,23568449
Microbacterium hominis,162426,24817611
Microcella alkaliphila,279828,27240670
Monascus ruber,89489,27209523
N. azotifigens,472978,22297696
N. benthamiana,4100,36131073
N. lacusekhoensis,150832,28255636
N. magadii,13769,21894491
N. thermophilus,375929,21600188
NEAU-ST10-25,1176240,24996797
NPST-AK15,1623497,26159877
Natranaerobius thermophilus,375929,18378586
Natranaerobius thermophilus,375929,21600188
Natrialba magadii,13769,21894491
Natrialba magadii,13769,22559199
Natrialba magadii ATCC 43099,547559,22559199
Natrinema sp,1917451,18097633
Natronobacillus azotifigens,472978,22297696
Natronobacillus azotifigens,472978,18769867
Natronobacterium sp,1973140,18097633
Natronococcus sp,35747,18097633
Natronoincola histidinovorans,89959,15480866
Natronolimnobius 'aegyptiacus,745377,21340748
Natronolimnobius baerhuensis,253108,15841343
Natronolimnobius innermongolicus,253107,15841343
Natronolimnobius sp,2071605,18097633
Natronomonas pharaonis,2257,20543878
Natronomonas sp,2184060,18097633
Nesterenkonia lacusekhoensis,150832,28255636
Nesterenkonia sp. Act20,1483432,30485446
Nicotiana benthamiana,4100,36131073
Nocardiopsis sp. str,221582,16601914
OF4,398511,20344941
Oceanithermus profundus,187137,38252174
Ochrophyta,2696291,38133826
P-4-N,122089,11139081
P-4-N,122089,11354456
P. abyssi,29292,9672687
P. aeruginosa,287,17027868
P. arcticus,334543,18335164
P. chrysogenum,5076,32157393
P. crispa,173492,28000023
P. euphratica,75702,35587636
P. furiosus,2261,9672687
P. palitans,293373,32157393
P. pastoris GS115,644223,29681022
P. putida,303,37474779
P. salinarum,88271,36937286
Paenibacillus,1499968,27771767
Paenibacillus sp. TCA20,1499968,27771767
Panagrellus redivivus,6233,27891113
Pannonibacter phragmitetus,121719,23568449
Paracyclops chiltoni,2586190,33933779
Patescibacteria,1783273,32525738
Peganum harmala,43879,35398716
Penicillium,5081,32157393
Penicillium,5076,31938738
Penicillium atrovenetum,69764,34228196
Penicillium chrysogenum,5076,31938738
Penicillium chrysogenum,5076,38225962
Penicillium chrysogenum,5076,32157393
Penicillium citrinum,5077,20703955
Penicillium palitans,293373,32157393
Penicillium rubrum,1266769,22295871
Penicillium sp,5081,34228196
Petrotoga mobilis,69499,27351338
Phaeosphaeriaceae sp,1756107,34228196
Phoenix dactylifera L,42345,26901506
Pichia pastoris,4922,29681022
Picocystis,88271,36937286
Picocystis salinarum,88271,36937286
Planococcus halocryophilus,1005941,36000998
Planococcus plakortidis,1038856,24817611
Planococcus sp,1871321,29497843
Planococcus sp. CGMCC 8088,1704238,29497843
Polymorphum gilvum,991904,23568449
Populus euphratica,75702,35587636
Portunus segnis,470445,31236718
Potato,4113,31938738
Prasiola crispa,173492,28000023
Pseudoalteromonas,53249,16133657
Pseudoalteromonas sp,53249,16133657
Pseudomonas,221588,12910392
Pseudomonas aeruginosa,287,17027868
Pseudomonas aeruginosa,287,26171779
Pseudomonas aeruginosa,287,22830585
Pseudomonas aeruginosa,287,31938738
Pseudomonas aeruginosa,287,30304581
Pseudomonas aeruginosa PAO1,208964,36094301
Pseudomonas alcaliphila,101564,24817611
Pseudomonas fluorescens,294,32050135
Pseudomonas putida,303,37474779
Pseudomonas stra,221588,12910392
Pseudothermotoga thermarum,119394,36362210
Psychrobacter,56811,32528424
Psychrobacter arcticus,334543,18335164
Psychrobacter cryohalolentis,330922,32418069
Psychrobacter sp,56811,32528424
Pyrococcus,29292,9672687
Pyrococcus furiosus,2261,9672687
Pyrococcus horikoshii,53953,9672687
R. leguminosarum,384,32050135
R. nathaliae,656708,37474779
R. stricta,396313,37667571
Ramazzottius varieornatus,947166,31624306
Ramonda serbica,757438,37474779
Rh. mucilaginosa,5537,17298474
Rhazya stricta,396313,37667571
Rhizobium leguminosarum,384,32050135
Rhizobium) meliloti,382,11057908
Rhodobaca bogoriensis,119542,37481751
Rhodobaca bogoriensis stra,1188254,37481751
Rhodococcus sp. JG3,1305835,32833498
Rhodotorula dairenensis,86832,32157393
Rhodotorula mucilaginosa,5537,32157393
Rhodotorula mucilaginosa,5537,17298474
Roseinatronobacter thiooxidans,121821,10972192
S. acidocaldarius,2285,26791382
S. islandicus,43080,26791382
S. macedonicus,59310,30701281
S. macedonicus ACA-DC-198,1116231,30701281
S. portulacastrum,221166,27061088
S. violacea,1936,15844013
SLAS-1,321763,19218420
Saccharomyces cerevisiae,4932,37367588
Saccharomyces cerevisiae,4932,9783169
Salinibacter ruber,146919,18427718
Salinivibrio sp,1886796,28425950
Schizophyllum commune,5334,31938738
Sesuvium portulacastrum,221166,27061088
Setaria viridis,4556,35398716
Shewanella violacea DSS12,637905,15844013
Sinorhizobium,382,11057908
Sodiomyces tronii,1525349,28478604
Solanum lycopersicum,4081,26909467
Sp. salmonicolor,5005,27215207
Sporidiobolus,454966,27215207
Sporidiobolus metaroseus,454966,27215207
Sporidiobolus salmonicolor,5005,27215207
Sporobolomyces,40563,27215207
Sporobolomyces roseus,40563,27215207
Staphylococcus arlettae,29378,24455210
Staphylococcus aureus,1280,30863668
Staphylococcus aureus,1280,11057908
Strain Z,83561,15127306
Streptococcus macedonicus,59310,30701281
Streptomyces,1928,11699647
Streptomyces lividans TK24,457428,33515353
Streptomyces lopnurensis,1495572,33404954
Streptomyces rochei,1928,11699647
Streptomyces sp,1931,27903085
Streptomyces sp. strai,133452,11699647
Sulfolobus acidocaldarius,2285,26791382
Sulfolobus solfataricus,2287,10741831
Swiss chard,3555,26588061
T. acidophilum,2303,16382574
T. brockianus,56956,12892493
T. maritima,2336,16708165
T. roseum,500,27896501
T. salsuginea,72664,24214268
T. salsuginea,72664,25308761
T. scotoductus,37636,30536130
T. sediminis,392725,38252174
T. texcoconensis,361365,16932842
T. thermophilus HB8,300852,12072958
T. thermophilus HB8,300852,22212656
T. wiegelii,46354,11057912
TA2.A1,986075,33030592
Tepidimonas,307486,16215773
Tepidimonas sediminis,2588941,38252174
Tepidimonas taiwanensis,307486,16215773
Thauera sp,1905334,23568449
Thelebolus balaustiformis,2072948,32157393
Thellungiella salsuginea,72664,24214268
Thellungiella salsuginea,72664,25308761
Thellungiella salsuginea,72664,25496221
Thermoanaerobacter sp,1755,17673945
Thermoanaerobacter wiegelii,46354,11057912
Thermobrachium celere,53422,9783173
Thermomicrobium roseum,500,27896501
Thermoplasma acidophilum,2303,16382574
Thermosediminibacter,291989,19625440
Thermosediminibacter litoriperuensis,291989,19625440
Thermosediminibacter oceani JW/IW-1228P,555079,19625440
Thermotoga maritima,2336,16708165
Thermotoga maritima,2336,7908011
Thermotoga maritima,2336,31338597
Thermotoga maritima MSB8,243274,26026992
Thermotoga maritima MSB8,243274,31338597
Thermotoga neapolitana,2337,17006740
Thermus,37636,30536130
Thermus brockianus,56956,12892493
Thermus parvatiensis,456163,36721347
Thermus scotoductus,37636,30536130
Thermus sp. 2.9,1577051,32617733
Thermus thermophilus,274,28764042
Thermus thermophilus,274,12072958
Thermus thermophilus,274,22212656
Thermus thermophilus HB27,262724,25836039
Thermus thermophilus HB8,300852,22212656
Thialkalivibrio,252474,15309564
Thialkalivibrio halophilus,252474,15309564
Thioalkalibacter halophilus,469656,18309455
Tindallia,159292,16932842
Tindallia,159292,12728359
Tindallia californiensis,159292,12728359
Tindallia californiensis,159292,16932842
Tindallia magadiensis,69895,12728359
Tindallia texcoconensis,361365,16932842
Tomato,4081,26909467
Torrubiella,2047592,27215207
Torrubiella sp,2047592,27215207
Trebouxia asymmetrica,13787,23625082
Trebouxia erici,60131,23625082
Trebouxia glomerata,174040,23625082
Triticum aestivum L,4565,37474779
Turkey,9103,29689924
Turkey,9103,15959626
Turkey,9103,29779132
VT8,351348,15322951
Variovorax sp,1871043,32050135
Vibrio cholerae,666,24297704
Vibrio parahaemolyticus,670,24297704
Vicinamibacter silvestris,1612172,37474779
Viscum schimperi,1874183,38035483
WW3-SN6,92608,10972188
X5B,930128,26696418
Xanthomonas campestris,339,15480866
Xenopus,8355,24214268
Xeromyces bisporus,89491,27871132
Xylaria grammica,363999,34228196
Y. lipolytica,4952,26859958
YN-1,72581,9672682
Yarrowia lipolytica,4952,26859958
Yeast,4932,15127306
Yeasts,4932,30266724
Zea mays,4577,30897508
a,1582,9672682
a  delta,488839,35384246
a Bacillus,29564,30457468
actinobacterium,1883427,22359317
actinobacterium,1883427,27903085
actinomycete,100235,11699647
actinomycete,100235,33404954
actinomycete,100235,22367932
algae,569578,38133826
algae,569578,22367932
algae,569578,29779132
algae,569578,35021589
algae,569578,33819431
algae,569578,32533304
algae,569578,25443670
algae,569578,20373120
algae,569578,23625082
algae,569578,11809961
alpha-Proteobacteria,28211,15064989
barley,4513,21974779
beta-Proteobacteria,28216,15064989
beta-Proteobacteria,28216,16215773
biota,131567,38225962
biota,131567,22367932
biota,131567,27059740
black yeasts,34395,29538737
blue swimming crab,146765,31236718
brown algae,2870,20373120
by,34395,29538737
cattle,9913,27737605
chocolate,3641,38010865
cloning vector (pUC19),31851,35137293
date palm,42345,26901506
delta-Proteobacteria,28221,15064989
enrichment,1566732,29450709
enrichment,1566732,15480866
enrichment,1566338,19779762
enrichment,1566338,19536453
enrichment culture,1566338,19625440
enrichment culture,1566338,10972192
enrichment culture,1566338,19218420
enrichment culture,1566338,19779762
enrichment culture,1566338,19536453
enrichment cultures,1566732,15064991
enrichment cultures,1566732,36569062
enrichment cultures,1566732,12768450
enrichment cultures,1566732,18452025
enrichment cultures,1566732,19888547
enrichment cultures,1566732,15856134
enrichment cultures,1566732,33620581
enrichment cultures,1566732,29450709
enrichment cultures,1566732,20407798
enrichment cultures,1566732,15480866
environmental samples,33858,24903703
flamingos,435638,32321943
flowering plants,3398,22583823
gamma subdivision,1236,15309564
gamma-subdivision,1236,19387766
green algae,3041,27283019
green algae,3041,24281914
green algae,3041,22367932
green algae,3041,15064977
green algae,3041,31087168
green algae,3041,20373120
higher plants,3193,12932132
higher plants,3193,22583823
higher termites,46569,15856134
human,9606,35688350
human,9606,30457468
human,9606,27891113
human,9606,30796504
human,9606,29538737
human,9606,32533304
human,9606,26733008
human,9606,37367588
human,9606,28737704
human,9606,20091326
human,9606,30400922
human,9606,22295871
human,9606,33208066
human,9606,29779132
human,9606,31564490
human,9606,27871132
lambda phage,10710,10972189
lima bean,3884,37427410
magnetotactic,2479342,21605309
magnetotactic bacterium,2479342,21605309
maize,4577,30897508
mammalian,9606,36094301
marine bacterium,56765,29497843
marine bacterium,56765,26439615
metagenome,256318,23708551
metagenome,256318,30231921
metagenome,256318,36414646
metagenomes,408169,30231921
metagenomes,408169,31592688
metagenomes,408169,34777269
mice,10090,30400922
mixed culture,1306155,15999222
mixed culture,1306155,22311159
mixed sample,1427524,10879559
n. sp,37027,12910386
n. sp,37027,34389775
olive,4146,31218179
olive,4146,15252724
patients,9606,36000901
people,9606,35587636
phototrophic,52958,18385928
phototrophic,52958,34310933
phototrophic bacteria,52958,18385928
phototrophic bacterium,52958,34310933
plasmid,2580,11778838
plasmid pJP4,2580,11778838
purple bacteria,1224,37481751
purple bacteria,1224,34310933
purple bacteria,1224,31087168
purple bacteria,1224,35630403
purple non-sulfur bacteria,1224,26941731
purple non-sulfur bacteria,1224,23609187
purple nonsulfur bacteria,41295,37481751
purple sulfur bacteria,1046,37481751
rice,4530,29681022
shuttle vector,45197,12072958
shuttle vector,45197,26026992
shuttle vector,45197,26791382
soybean,3847,27142029
spelt,58933,27240670
strain SK-1,1305,26791382
strain Z,83561,37520367
termites,1912919,15856134
tobacco,4097,22583823
tomato,4081,26909467
type I methanotrophs,403,10879559
uncultured,198431,30231921
uncultured,115547,18427718
uncultured archaea,115547,18427718
uncultured bacteria,77133,32525738
uncultured bacterium,77133,27283019
uncultured prokaryote,198431,30231921
vascular plants,58023,38285274
water bears,42241,31624306
white shrimp,6689,31236718
women,9606,30400922
yeast,4932,30266724
yeast,4932,12728359
yeast,4932,36260502
yeast,4932,24214268
yeast,4932,19625440
yeast,4932,17298474
yeast,4932,35742848
yeast,4932,9783169
yeast,4932,22367932
yeast,4932,33925342
yeast,4932,31218179
yeast,4932,35052375
yeast,4932,33620581
yeast,4932,29538737
yeast,4932,18622572
yeast,4932,33404954
yeast,4932,34256694
yeast,4932,23686381
yeast,4932,9672687
yeast,4932,27737605
yeasts,4932,17298474
yeasts,4932,26859958
yeasts,4932,30266724
yeasts,4932,27215207
