"PMID","Genes","Diseases","Mutations","Chemicals","Species"
30796503,"No Data","alkaliphilic>No Data","No Data","No Data","No Data"
37118007,"No Data","No Data","No Data","glycerol>MESH:D005990;dimethyl sulfoxide>MESH:D004121","No Data"
15046570,"No Data","extremophilic organisms>MESH:D019965 ; alkaliphilic>No Data","No Data","No Data","No Data"
33763123,"No Data","No Data","No Data","Spirocheates>-","No Data"
28007654,"No Data","No Data","No Data","phospholipids>MESH:D010743;Phospholipids>MESH:D010743;lipids>MESH:D008055;isoprenoid>MESH:D013729;glycerol-1-phosphate>MESH:C029620;fatty acids>MESH:D005227;ester>MESH:D004952;glycerol->MESH:D005990;3-phosphate>-;ether-linked phospholipids>-;lipid>MESH:D008055;Lipid>MESH:D008055;Lipids>MESH:D008055","No Data"
29266533,"No Data","Heterolobosea>No Data","No Data","water>MESH:D014867;salt>MESH:D012492;lipid>MESH:D008055","No Data"
26780356,"No Data","No Data","No Data","water>MESH:D014867","No Data"
29290045,"No Data","haloalkaliphilic fungi>No Data","No Data","saline>MESH:D012965;salt>MESH:D012492;organic acids>-","Aspergillus glaucus>41413"
37490857,"No Data","Extremophilic and extremotolerant fungi>No Data ; Extremophilic organisms>MESH:D019965 ; Stress>MESH:D000079225","No Data","No Data","No Data"
32323057,"No Data","haloalkaliphilic bacteria>MESH:C537702","No Data","salt>MESH:D012492;NaCl>MESH:D012965;hypersaline>-;glycine>MESH:D005998;betaine>MESH:D001622;sugars>MESH:D000073893;sucrose>MESH:D013395;trehalose>MESH:D014199;sugar alcohols>MESH:D013402;polyhydroxyalkanoate>MESH:D054813;PHA>MESH:D054813;exopolysaccharides>-;water>MESH:D014867","No Data"
32533304,"tap>10482","No Data","No Data","water>MESH:D014867","human>9606;algae>569578"
26733008,"No Data","dryness>MESH:D014987","No Data","arsenic>MESH:D001151;salts>MESH:D012492;O2>MESH:D010100;ozone>MESH:D010126","human>9606"
26647770,"No Data","No Data","No Data","Arsenic>MESH:D001151;salt>MESH:D012492","Acinetobacter Ver3>466088"
37367588,"No Data","Alkaliphilic/Alkali-Tolerant Fungi>MESH:D006934 ; Alkaliphilic and alkali-tolerant fungi>MESH:D006934","No Data","PacC>MESH:C406277","human>9606;Aspergillus nidulans>162425;Saccharomyces cerevisiae>4932"
30796504,"No Data","Alkaliphilic>No Data ; alkaliphilic microbial>MESH:D015163","No Data","No Data","human>9606"
8688447,"No Data","exceptions extremophilic bacteria>MESH:C537702","No Data","salt>MESH:D012492;water>MESH:D014867","No Data"
31541933,"No Data","No Data","No Data","Metal>MESH:D008670;hydrocarbons>MESH:D006838","No Data"
35688350,"No Data","Extremophilic lipases>OMIM:614025 ; cold active thermophilic and psychrophilic lipases>MESH:D000067390 ; alkaliphilic lipases>OMIM:614025 ; extremophilic lipases>OMIM:614025 ; alkaliphilic>No Data","No Data","ester>MESH:D004952;lipid>MESH:D008055","human>9606"
11809961,"No Data","No Data","No Data","No Data","algae>569578"
37317247,"No Data","toxicity>MESH:D064420","No Data","poly>MESH:C017937","No Data"
33643258,"No Data","stress>MESH:D000079225","No Data","No Data","No Data"
36307049,"No Data","No Data","No Data","triacylglycerol>MESH:D014280;ester>MESH:D004952","No Data"
9783173,"No Data","thermophilic alkaliphiles>No Data ; alkalithermophilic bacteria>MESH:C537702","No Data","No Data","Thermobrachium celere>53422"
9783164,"No Data","Alkaliphilic>No Data ; alkaliphilic Bacillus>MESH:D000881","No Data","No Data","No Data"
31734456,"No Data","cancer>MESH:D009369","No Data","water>MESH:D014867;salt>MESH:D012492","No Data"
31273417,"No Data","fascinating alkaliphiles' pH homeostasis>MESH:D010677","No Data","ATP>MESH:D000255","No Data"
37046169,"No Data","No Data","No Data","chromium>MESH:D002857;Cr>MESH:D002857;Cr(VI)>MESH:C074702;Chromium>MESH:D002857;Cr(III)>MESH:C495433","No Data"
29392527,"No Data","No Data","No Data","water>MESH:D014867","No Data"
33538376,"No Data","halo(alkali)philic archaea>MESH:D006934 ; halo(natrono)archaea>MESH:D055882 ; neutrophilic haloarchaea>MESH:C564275 ; hypersaline anoxic habitats>MESH:D002534","No Data","Carbohydrate>MESH:D002241;sulfur>MESH:D013455;alpha-d-glucans>-;amylose>MESH:D000688;glycogen>MESH:D006003;sugars>MESH:D000073893;glycerol>MESH:D005990;carbon>MESH:D002244;hypersaline>-;glucose>MESH:D005947;dimethyl sulfoxide>MESH:D004121;H2>MESH:D003903;thiosulfate>MESH:D013885","No Data"
37839067,"No Data","Extremophilic microbial metabolism>MESH:D015163","No Data","No Data","No Data"
9680303,"No Data","alkaliphilic Bacillus>MESH:D000881","No Data","No Data","Bacillus sp. KSM-635>1415"
34402982,"No Data","stress>MESH:D000079225","No Data","saline>MESH:D012965;TCA>MESH:D014238;starch>MESH:D013213;trehalose>MESH:D014199;acetate>MESH:D000085;pyruvate>MESH:D019289;formate>MESH:C030544;glutamate>MESH:D018698;threonine>MESH:D013912;ectoine>MESH:C045628","Egicoccus halophilus>1670830;EGI 80432>1670830;E. halophilus>251717"
23686381,"No Data","stress>MESH:D000079225","No Data","alkaline saline>-;NaCl>MESH:D012965;HSL10>-;agar>MESH:D000362","yeast>4932"
11234023,"No Data","No Data","No Data","water>MESH:D014867","No Data"
36031955,"No Data","alkaliphilic biofilms>No Data","No Data","No Data","Dietzia sp>1871616"
26025020,"pH>5053","numerous haloalkaliphilic>No Data ; haloalkaliphilic organisms>MESH:D019965","No Data","saline>MESH:D012965;lipid>MESH:D008055;sulfur>MESH:D013455;NaCl>MESH:D012965;NaHCO3>MESH:D017693;Na2CO3>-","No Data"
33123748,"No Data","decrease of alkaliphilic tolerance>MESH:D018149 ; alkaliphilic bacteria>MESH:C537702","No Data","iron>MESH:D007501;irons>MESH:D007501","Halomonas alkalicola>1930622;CICC 11012s>1930622;E. coli>562"
29538737,"No Data","polyextremotolerant fungi>No Data ; chromoblastomycosis>MESH:D002862 ; subcutaneous infection>MESH:D007239 ; cerebral phaeohyphomycosis>MESH:D060425 ; Chromoblastomycosis>MESH:D002862","No Data","No Data","Black yeasts>34395;BY>34395;by>34395;human>9606;yeast>4932;black yeasts>34395;Black Yeasts>34395"
27362528,"No Data","alarming rise>MESH:D051270","No Data","metals>MESH:D008670;metal>MESH:D008670;Cu>MESH:D003300","Alkalibacterium sp. TRTYP6>1581170"
31388592,"No Data","No Data","No Data","ammonium sulphate>MESH:D000645;Ba2+>MESH:C080430;Fe2+>-;Mg2+>-;Ca2+>MESH:D000069285;Mn2+>-;Cu2+>-;EDTA>MESH:D004492;PMSF>-","Geobacillus sp>1891658"
21340748,"No Data","halophilic archaea>No Data ; alkaliphilic>No Data","No Data","NaCl>MESH:D012965","Haloarcula quadrata>182779;Haloferax elongans>403191;Haloferax mediterranei>2252;Natronolimnobius 'aegyptiacus>745377"
25443670,"No Data","No Data","No Data","CO2>MESH:D002245;metal>MESH:D008670","algae>569578"
28737704,"No Data","Toxicity>MESH:D064420 ; paralytic>MESH:D007418 ; Oscillatoria>No Data","No Data","beta-methylaminopropionic acid>-;N-(2-aminoethyl) glycine>MESH:C028791;2-4-diaminobutyric acid>MESH:C005959;-cylindrospermopsins>MESH:C089595;microcystins>MESH:D052998;nodularins>MESH:C063998","human>9606"
16514512,"No Data","No Data","No Data","hydrocarbon>MESH:D006838;hydrocarbons>MESH:D006838;water>MESH:D014867","No Data"
31087781,"No Data","No Data","No Data","Polymer>MESH:D011108;biomedicine>-;poly(vinyl alcohol)>MESH:D011142;ice>MESH:D007053","No Data"
34458243,"No Data","Extremophilic Oxidoreductases>MESH:D054882 ; low toxicity>MESH:D009800 ; extremophilic oxidoreductases>MESH:D054882","No Data","No Data","No Data"
31734848,"No Data","No Data","No Data","salt>MESH:D012492;urea>MESH:D014508;trimethylamine N-oxide>MESH:C005855;TMAO>MESH:C005855;polyacrylamide>MESH:C016679;NaCl>MESH:D012965","Brevibacillus choshinensis>54911;E. coli>562"
27771767,"No Data","MotPS of alkaliphilic Bacillus>MESH:D000881 ; MotPS-type flagellar motor of alkaliphilic Bacillus alcalophilus AV1934>MESH:D000881 ; flagellar rotation>MESH:D009069","No Data","Rb+>MESH:D012413;Ca2+>MESH:D000069285;Mg2+>-;Sr2+>-","Bacillus>66692;Paenibacillus>1499968;Bacillus clausii KSM-K16>66692;Paenibacillus sp. TCA20>1499968"
37847305,"No Data","haloalkaliphilic phototrophic bacteria Ectothiorodospirea>MESH:C537702 ; haloalkaliphilic phototrophic bacteria Ectothiorhodospirea>MESH:C537702","No Data","Al-2>MESH:D000535;20-60  C>MESH:C069837;Mn+2>MESH:D008345;Cu+2>MESH:D003300;Co+2>MESH:C065987;Mg+2>MESH:D008274;NaCl>MESH:D012965;Zn+2>MESH:D015032;Fe+2>MESH:D007501;fructose>MESH:D005632;glucose>MESH:D005947","Hg2>2699479"
23065059,"No Data","No Data","No Data","CO(2)>MESH:D002245;acetate>MESH:D000085;Carbon>MESH:D002244;carbon>MESH:D002244","No Data"
9783165,"No Data","alkaliphilic>No Data","No Data","Mg2+>-;Ca2+>MESH:D000069285;water>MESH:D014867;CO3(2-)>-;NaCl>MESH:D012965;carbon>MESH:D002244;sulfur>MESH:D013455","No Data"
37982082,"No Data","halo-alkaliphilic microbes>MESH:D055882 ; extremophilic conditions>MESH:D000071069","No Data","No Data","No Data"
18706678,"NULL","NULL","NULL","NULL","NULL"
18378586,"No Data","No Data","No Data","NaCl>MESH:D012965;hypersaline>-","Natranaerobius thermophilus>375929;Halonatronum saccharophilum>150060"
9783163,"No Data","No Data","No Data","glucose>MESH:D005947","No Data"
32617734,"No Data","No Data","No Data","serine>MESH:D012694;Metal>MESH:D008670;Ca2+>MESH:D000069285;Mn2+>-;ethanol>MESH:D000431;methanol>MESH:D000432;acetone>MESH:D000096;2-propanol>MESH:D019840;dimethyl sulfoxide>MESH:D004121;Tween-80>MESH:D011136;Triton X-100>MESH:D017830;Dithiothreitol>MESH:D004229;DTT>MESH:D004229","Bacillus zhangzhouensis>1178540;Bacillus sp>1409"
11057908,"ORF-1>1115973 ; ORF-4>1115988","No Data","No Data","No Data","Bacillus sp>1409;Bacillus halodurans C-125>272558;Bacillus subtilis>1423;Sinorhizobium>382;Rhizobium) meliloti>382;Staphylococcus aureus>1280;B. subtilis>1423"
36916005,"protein B>10536 ; PRB>10536","No Data","No Data","TMAO>MESH:C005855;trimethylamine N-oxide>MESH:C005855;urea>MESH:D014508;hydrogen>MESH:D006859","No Data"
29857102,"No Data","polyextremophilic>No Data","No Data","salt>MESH:D012492","No Data"
28418707,"No Data","extremophilic photosynthetic>No Data ; stress>MESH:D000079225 ; radiation damage>MESH:D011832 ; Extremophiles-Stress-High temperatures-UV radiation-Desiccation>MESH:D000079225","No Data","Water>MESH:D014867;water>MESH:D014867;fluorescein diacetate>MESH:C018506","No Data"
30888506,"No Data","Navicymbula pusilla>No Data ; fragile habitats>MESH:D005600","No Data","No Data","No Data"
36260502,"No Data","alkalithermotolerans>No Data ; alkaliphilic>No Data ; alkaliphilic Methanobacterium alcaliphilum>No Data","No Data","hydrogen>MESH:D006859;methane>MESH:D008697;carbon dioxide>MESH:D002245;carbon>MESH:D002244;NaCl>MESH:D012965;novobiocin>MESH:D009675;streptomycin>MESH:D013307;vancomycin>MESH:D014640;ampicillin>MESH:D000667;penicillin>MESH:D010406","yeast>4932;M. alcaliphilum>392018"
35398716,"No Data","depression>MESH:D000275","No Data","chlorophyll>MESH:D002734;QTP>-;water>MESH:D014867;nitrogen>MESH:D009584","Hedysarum multijugum>1402425;Peganum harmala>43879;Setaria viridis>4556"
24846742,"No Data","No Data","No Data","alkaline>-;saline>MESH:D012965;chloroform>MESH:D002725;alkaline saline>-","No Data"
36414646,"No Data","dryness>MESH:D014987","No Data","NaCl>MESH:D012965;MAGs>MESH:C035408;glycerol>MESH:D005990","metagenome>256318"
27900683,"Ikka>1147","Cold>MESH:D000067390 ; cold>MESH:D000067390 ; permanently cold>MESH:D003638","No Data","No Data","No Data"
26090360,"No Data","Alkaliphilic>No Data ; Alkaliphilic bacteria>MESH:C537702 ; alkaliphilic bacteria>MESH:C537702","No Data","ATP>MESH:D000255","No Data"
27240670,"No Data","No Data","No Data","SDS>MESH:D012967;xylan>MESH:D014990;arabinoxylan>MESH:C085118;avicel>MESH:D002482;carboxymethylcellulose>MESH:D002266;arabinan>MESH:C030080;Xylooligosaccharides>MESH:C570991;xylobiose>MESH:C004173;xylotetraose>-;carbohydrate>MESH:D002241","Microcella alkaliphila>279828;spelt>58933"
24414409,"No Data","acidic solfatara>MESH:D011015","No Data","No Data","No Data"
29270851,"No Data","alkaliphilic>No Data ; HaNhaD>No Data","No Data","lipid>MESH:D008055","Halomonas alkalicola>1930622;CICC 11012s>1930622;Escherichia coli>562"
20640865,"No Data","No Data","No Data","water>MESH:D014867;saline>MESH:D012965","No Data"
33819431,"No Data","No Data","No Data","Water>MESH:D014867;water>MESH:D014867;brine>MESH:C017082;NaCl brine>-","algae>569578"
36581887,"No Data","alkaliphilic>No Data ; new alkaliphilic>MESH:C000657245","No Data","phenolic>MESH:C017616;lignin phenols>MESH:D008031;chlorine dioxide>MESH:C025109;phenols>MESH:D010636","No Data"
21605309,"No Data","alkaliphilic>No Data","No Data","water>MESH:D014867;magnetite>MESH:D052203;sulfate>MESH:D013431","magnetotactic>2479342;Desulfonatronum thiodismutans>159290;magnetotactic bacterium>2479342"
34545451,"No Data","No Data","No Data","carbon dioxide>MESH:D002245;Mycosporine>-","Fischerella sp>1191"
33925342,"No Data","abiotic stresses>MESH:D000079225 ; dehydration>MESH:D003681 ; cold>MESH:D000067390 ; stress>MESH:D000079225","No Data","Abscisic Acid>MESH:D000040;Abscisic acid>MESH:D000040","Canavalia rosea>3825;C. rosea>3825;yeast>4932"
33208066,"No Data","Cardiovascular Diseases>MESH:D002318 ; CVDs>MESH:D002318 ; stroke>MESH:D020521 ; vascular disease>MESH:D000783 ; ischemic heart disease>MESH:D003324 ; acute myocardial infarction>MESH:D009203 ; death>MESH:D003643","No Data","Serine>MESH:D012694;carbon>MESH:D002244;nitrogen>MESH:D009584;NaCl>MESH:D012965;fructose>MESH:D005632;CaCl2>MESH:D002122;ammonium sulphate>MESH:D000645;Ca2+>MESH:D000069285;Co2+>MESH:D002245;ethanol>MESH:D000431;acetone>MESH:D000096;Acetonitrile>MESH:C032159;butanol>MESH:D000440;DMSO>MESH:D004121;methanol>MESH:D000432;chloroform>MESH:D002725","Bacillus flexus>86664;B. flexus>86664;human>9606"
9783168,"No Data","Alkaliphilic Bacillus>MESH:D000881","No Data","ATP>MESH:D000255;malate>MESH:C030298;atp>MESH:D000255;succinate>MESH:D019802;glucose>MESH:D005947","Bacillus subtilis>1423;Bacillus firmus OF4>79885;B. subtilis>1423;B. firmus OF4>79885;Escherichia coli>562"
34669438,"No Data","No Data","No Data","Lignocellulose>MESH:C036909;lignin>MESH:D008031;carbon>MESH:D002244;glucose>MESH:D005947","Geobacillus thermoleovorans>33941;Geobacillus>33941;G. thermoleovorans>33941"
32617733,"No Data","No Data","No Data","azo dyes>MESH:D001391;metal>MESH:D008670;1-hydroxybenzotriazole>MESH:C011852;Xylidine>-;Methyl Orange>MESH:C100258","Thermus sp. 2.9>1577051"
29958498,"No Data","dehydration>MESH:D003681 ; extremophilic bacteria>MESH:C537702","No Data","ectoine>MESH:C045628;hydroxyectoine>MESH:C121557;water>MESH:D014867;TiO2>-","Horseradish>3704"
35137260,"No Data","No Data","No Data","salt>MESH:D012492;sodium chloride>MESH:D012965;saline>MESH:D012965;chloride>MESH:D002712;hydrogen carbonate>MESH:D001639;sulfate>MESH:D013431;carbonate>MESH:D002254;Sodium carbonate>MESH:C005686;sodium sulfate>MESH:C012036;salts>MESH:D012492","No Data"
36000901,"No Data","rheumatic disorders>MESH:D012216","No Data","Water>MESH:D014867;water>MESH:D014867;saline>MESH:D012965;sulfur>MESH:D013455;menadione>MESH:D024483;hydrogen peroxide>MESH:D006861;silver>MESH:D012834;uranium>MESH:D014501","Deinococcus radiodurans DSM 20539>1121384;patients>9606"
34389775,"No Data","Tokorhabditis>No Data ; Tokorhabditis tufae>No Data ; Auanema>No Data","No Data","hypersaline>-;arsenic>MESH:D001151","n. sp>37027"
35661272,"No Data","Evansella halocellulosilytica>No Data ; alkali-halotolerant>MESH:D006934","No Data","bauxite>MESH:D000537;NaCl>MESH:D012965;fatty acids>MESH:D005227;C15>MESH:C003946;meso-diaminopimelic acid>MESH:D003960;MK-7>MESH:C062629;menaquinone>MESH:D024482;diphosphatidylglycerol>MESH:D002308;phosphatidylmethylethanolamine>-;phosphatidylethanolamine>MESH:C483858;phosphatidylglycerol>MESH:D010715","No Data"
35238571,"No Data","No Data","No Data","Alpha- and Beta-Alanine>-;l-alpha-alanine>MESH:D000409;beta-alanine>MESH:D015091","No Data"
36094301,"No Data","KPD>MESH:D003922 ; cytotoxicity>MESH:D064420 ; infectious diseases>MESH:D003141","No Data","phospholipids>MESH:D010743;water>MESH:D014867;lipoteichoic acid>MESH:C009900;ATP>MESH:D000255","Clostridium intestinale stra>1294142;Pseudomonas aeruginosa PAO1>208964;Acinetobacter baumannii>470;mammalian>9606"
37577439,"Ndh-2>1660","No Data","No Data","FOS-choline-12>MESH:D002794;NADH>MESH:D009243;ectoine>No Data;glycine>MESH:D005998","Caldalkalibacillus thermarum TA2.A1>986075;C. thermarum TA2.A1>986075"
38010865,"No Data","extremophile Exiguobacterium alkaliphilum VLP1>No Data","No Data","ammonium sulfate>MESH:D000645;30-60 C>MESH:C069837","Exiguobacterium alkaliphilum>1428684;chocolate>3641"
31564490,"No Data","extremophile nematodes>MESH:D009349","No Data","Arsenic>MESH:D001151;arsenic>MESH:D001151;hypersaline>-;water>MESH:D014867;Auanema>-","human>9606;Caenorhabditis elegans>6239"
33090301,"No Data","No Data","No Data","polycrystalline>-","Marinomonas primoryensis>178399"
34256694,"PIP1>856754","abiotic stress>MESH:D000079225","No Data","saline>MESH:D012965;water>MESH:D014867","Canavalia rosea>3825;Canavalia rosea (Sw.) DC>3825;C. rosea>3825;yeast>4932;Arabidopsis>3702"
37681980,"No Data","haloalkaliphilic Geoalkalibacter>No Data","No Data","iron>MESH:D007501;haloalkaline>No Data;Fe3+>MESH:D007501;oxide>MESH:D010087;Fe2O3>MESH:D007501;Fe0>MESH:D007501;acetate>MESH:D000085;fumarate>MESH:D005650;Fe>MESH:D007501","No Data"
9783169,"vma3>856686","vacuolar pH>MESH:C536522 ; vacuolar H>MESH:C536522","No Data","6-carboxyfluorescein>MESH:C024098;sugars>MESH:D000073893;ethanol>MESH:D000431;glycerol>MESH:D005990;glucose>MESH:D005947;carbon>MESH:D002244;CO2>MESH:D002245","yeast>4932;Saccharomyces cerevisiae>4932"
36131073,"No Data","No Data","No Data","xylooligosaccharides>MESH:C570991;xylooligosdaccharides>-","Nicotiana benthamiana>4100;Escherichia coli>562;N. benthamiana>4100;E. coli>562"
33977442,"neuraminidase>4758","Extremophilic Actinomycetes Strains>MESH:D000193 ; Extremophilic actinomycetes>MESH:D000193","No Data","No Data","No Data"
9680297,"No Data","alkaliphilic>No Data","No Data","basic amino acid>MESH:D024361;glucose>MESH:D005947;teichuronic acid>MESH:C010788;teichuronopeptides>MESH:C065664;carbon>MESH:D002244","No Data"
36149604,"No Data","No Data","No Data","Cr>MESH:D002857;Chromium>MESH:D002857;Cr(VI)>MESH:C074702;water>MESH:D014867;iron>MESH:D007501;chromium>MESH:D002857","Brachybacterium paraconglomeratum>173362;B. paraconglomeratum>173362"
22327111,"No Data","alkaliphilic actinomycetes>MESH:D000193 ; tolerant alkaliphilic>MESH:D018149 ; tolerant alkaliphilic actinomycetes>MESH:D000193","No Data","salt>MESH:D012492;serine>MESH:D012694;agarose>MESH:D012685;IPTG>MESH:D007544;SDS>MESH:D012967","E. coli>562;Escherichia coli>562"
9783179,"No Data","No Data","No Data","water>MESH:D014867;methane>MESH:D008697;carbon dioxide>MESH:D002245;L-alanine>MESH:D000409;D-alanine>-;Cronin>-;carbon>MESH:D002244;carbonate>MESH:D002254;oxygen>MESH:D010100","No Data"
33515353,"No Data","hyper-thermostability>MESH:D053306","No Data","6His>-;Ser93>-;Asp194>-;His224>-;Gly91>-;Leu92>-;Met94>-;Gly95>-;EstA>-;carbon>MESH:D002244","Streptomyces lividans TK24>457428;Escherichia coli>562"
10805564,"No Data","alkaliphilic Bacillus>MESH:D000881 ; alkaliphilic>No Data","No Data","No Data","Bacillus>272558;Bacillus halodurans C-125>272558;Bacillus subtilis>1423;B. subtilis>1423"
31041481,"No Data","alkaliphilic>No Data","No Data","concrete>-;crack>-","No Data"
35630403,"No Data","alkaliphilic>No Data ; extremophilic anoxygenic phototroph>No Data","No Data","Salt>MESH:D012492;Halorhodospira>-;halochloris LH1>-;salt>MESH:D012492;halochloris>-;halochloris LH1-RC complex>-","purple bacteria>1224"
36250323,"Rhbg>57127","genus Alcolapia>MESH:D056304 ; subgenus Alcolapia>No Data ; Alcolapia retain>MESH:D018457 ; Alcolapia>No Data ; Alcolapia alcalica excretes>MESH:D011507","No Data","No Data","Alcolapia grahami>87886;A. alcalica>40169;A. grahami>87886"
19002649,"No Data","Klebsiella enzyme>MESH:D007710","No Data","SDS>MESH:D012967;glycine>MESH:D005998;NaOH>-;NaCl>MESH:D012965;mannuronate>-;guluronate>-;alginate>MESH:D000464","Agarivorans sp>1872412;Agarivorans sp. JAM-A1m>507618"
31624306,"No Data","dehydration>MESH:D003681","No Data","water>MESH:D014867","water bears>42241;Ramazzottius varieornatus>947166;Hypsibius dujardini>232323"
38285274,"No Data","dryness>MESH:D014987 ; stress>MESH:D000079225 ; death>MESH:D003643","No Data","No Data","vascular plants>58023"
28715207,"No Data","amphipathic metallohelicies>No Data","No Data","No Data","No Data"
29932648,"No Data","toxicity>MESH:D064420","No Data","Glycerol>MESH:D005990;glycerol>MESH:D005990;poly(vinyl alcohol)>MESH:D011142;poly(ethylene glycol)>MESH:D011092","E. coli>562"
36000998,"No Data","No Data","No Data","water>MESH:D014867","Escherichia coli B>37762;Planococcus halocryophilus>1005941;E. coli>562"
24903703,"No Data","No Data","No Data","arsenic>MESH:D001151;sulfide>MESH:D013440;O2>MESH:D010100;SO4>-;S>MESH:D013455;NO3>-;carbon>MESH:D002244;H2>MESH:D003903;As>MESH:D001151;saline>MESH:D012965","environmental samples>33858"
31606813,"No Data","No Data","No Data","No Data","Mammoth>37349"
31679078,"Chl>91851","No Data","No Data","Water>MESH:D014867;water>MESH:D014867;chlorophyll a>-;phosphate>MESH:D010710;nitrate>MESH:D009566","No Data"
36362210,"No Data","No Data","No Data","Chlorine>MESH:D002713;chlorine dioxide>MESH:C025109;ClO2>MESH:D002713;oxygen>MESH:D010100","Pseudothermotoga thermarum>119394;E. coli>562"
24817611,"No Data","Kokuria flava>No Data","No Data","bauxite>MESH:D000537;alumina>MESH:D000537;Bauxite>MESH:D000537;organic acids>-;carbon>MESH:D002244","Agromyces indicus>758919;Bacillus litoralis>152268;B. anthracis>1392;Chungangia koreensis>752657;K. polaris>136273;Microbacterium hominis>162426;Planococcus plakortidis>1038856;Pseudomonas alcaliphila>101564"
30485446,"No Data","dryness>MESH:D014987 ; HAALs>No Data","No Data","arsenic>MESH:D001151;salts>MESH:D012492;water>MESH:D014867","Acinetobacter sp. Ver3>466088;Exiguobacterium sp. S17>856854;Nesterenkonia sp. Act20>1483432"
31938738,"No Data","haloalkaliphilic>No Data","No Data","alkaline media>-;agar>MESH:D000362;Sabouraud dextrose agar>-","Potato>4113;Aspergillus>746128;Penicillium>5076;Cladosporium>1052096;Penicillium chrysogenum>5076;Bacillus subtilis>1423;Escherichia coli>562;Pseudomonas aeruginosa>287;Candida albicans>5476;Schizophyllum commune>5334;Epicoccum sorghinum>749593;Aspergillus fumigatus>746128;CBS 119416>1052096;Didymella glomerata>749621"
9680321,"No Data","No Data","No Data","Glu-Gly-Asn-Thr-Arg-Glu-Asp-Asn-Phe-Lys-His-Leu-Leu-Gly-Asn-Asp-Asn-Val- Lys-Arg>-;carboxymethylcellulose>MESH:D002266;lichenan>MESH:C015968;beta-1-3;1-4-linkage>-;p-nitrophenyl>-;cellotetraose>MESH:C048468;H3PO4>-;NaOH>-","Bacillus sp. KSM-S237>109789;Bacillus>109789;KSM-S237>109789"
16770690,"Ikka>1147","permanently cold>MESH:D003638 ; cold-active alkaliphiles>MESH:D000067390 ; alkaliphilic or psychrophilic bacteria>MESH:C537702","No Data","No Data","No Data"
35652980,"No Data","No Data","No Data","Hypersaline>-;hypersaline>-;saline>MESH:D012965;NaCl>MESH:D012965","Halocnemum strobilaceum>239185;H. strobilaceum>239185"
23252379,"NULL","NULL","NULL","NULL","NULL"
36572161,"No Data","insufficiency>MESH:D000309","No Data","polyhydroxyalkanoate>MESH:D054813;PHA>MESH:C568742;catechol>MESH:C034221","Halomonas sp>1486246"
20209526,"No Data","No Data","No Data","Naphthospironone a>-","No Data"
14991423,"No Data","No Data","No Data","carbon>MESH:D002244;Glucose>MESH:D005947;acetate>MESH:D000085;lactate>MESH:D019344;leucine>MESH:D007930","No Data"
38225962,"No Data","No Data","No Data","NaCl>MESH:D012965;phosphorous>MESH:D010757","biota>131567;Penicillium chrysogenum>5076;Aspergillus sp>5065"
26263620,"No Data","Haloalkaliphilic Cyanobacteria>No Data ; haloalkaliphilic cyanobacteria>No Data ; Extremophilic haloalkaliphilic cyanobacteria>No Data","No Data","CO2>MESH:D002245;carbon>MESH:D002244","No Data"
34322108,"No Data","No Data","No Data","Polyhydroxyalkanoates>MESH:D054813;PHAs>MESH:D054813;CO2>MESH:D002245;carbon>MESH:D002244","No Data"
28255636,"No Data","No Data","No Data","azo dye>MESH:D001391;methyl red>MESH:C008492;azo dyes>MESH:D001391;MR>MESH:C008492;salt>MESH:D012492;NaCl>MESH:D012965","Nesterenkonia lacusekhoensis>150832;N. lacusekhoensis>150832"
30105570,"No Data","alkaliphilic>No Data","No Data","indigo>MESH:D007203;Indigo>MESH:D007203;indigo carmine>MESH:D007203;azoA>-;AzoA>-;NADH>MESH:D009243","Bacillus sp. AO1>340959;Bacillus>340959;AO1>340959"
15856134,"No Data","No Data","No Data","No Data","higher termites>46569;termites>1912919;enrichment cultures>1566732"
32155764,"No Data","No Data","No Data","Lipid>MESH:D008055;ether>MESH:D004986;lipids>MESH:D008055;phospholipids>MESH:D010743;lipid bilayers>MESH:D008051;water>MESH:D014867","No Data"
37819713,"No Data","extremophile cyanobacterium Chroococcidiopsis>No Data ; Microcystis aureginosa>No Data","No Data","Carbonate>MESH:D002254;carbonate>MESH:D002254","No Data"
37987855,"No Data","blooms>MESH:D001816","No Data","Phosphonate>MESH:D063065;methane>MESH:D008697;orthophosphate>MESH:D010710;nitrogen>MESH:D009584;iron>MESH:D007501","No Data"
26171779,"No Data","Alkaliphilic Halotolerant>No Data ; alkaliphilic halotolerant>No Data","No Data","Alkaline>-;Saline>MESH:D012965;saline>MESH:D012965;salt>MESH:D012492;NaCl>MESH:D012965;alkaline>-","Anditalea andensis>1048983;Escherichia coli>562;Pseudomonas aeruginosa>287"
35021589,"No Data","extremophilic algal strain Galdieria sulphuraria>MESH:D013180","No Data","water>MESH:D014867;FO-RO>-","algae>569578"
35384246,"No Data","blooms>MESH:D001816 ; algal blooms>MESH:D001816","No Data","sulfate>MESH:D013431;hypersaline>-;water>MESH:D014867;lipid>MESH:D008055;Holocene>-","a  delta>488839"
33799130,"No Data","haloalkaliphilic bacteria>MESH:C537702","No Data","selenite>MESH:D020887;selenium>MESH:D012643;Se>MESH:D012643;water>MESH:D014867;saline>MESH:D012965","No Data"
19411423,"No Data","acidophilic Acidiphilium>MESH:D000239 ; alkaliphilic Bacillus>MESH:D000881","No Data","agar>MESH:D000362","No Data"
34228196,"No Data","Antarctic Peninsula Region>MESH:D003424 ; Antarctic Peninsula>No Data","No Data","No Data","Penicillium sp>5081;Cladosporium sp>1707700;Penicillium atrovenetum>69764;Epicoccum nigrum>105696;Phaeosphaeriaceae sp>1756107;Xylaria grammica>363999"
30266724,"No Data","No Data","No Data","No Data","Yeasts>4932;yeasts>4932;Bacillus subtilis>1423;Cryptococcus) friedmannii>89922;Exophiala sp. strai>1550092;15LV1>1550092;B. subtilis>1423;Holtermanniella watticus>207911;Holtermanniella wattica>207911;Exophiala sp. 15LV1>1550092;yeast>4932"
16215773,"No Data","No Data","No Data","fatty acid>MESH:D005227;fatty acids>MESH:D005227;iso 2OH>-","Tepidimonas taiwanensis>307486;beta-Proteobacteria>28216;Tepidimonas>307486;BCRC 17406>307486;LMG 22826>307486"
36569062,"No Data","No Data","No Data","No Data","enrichment cultures>1566732"
33255932,"No Data","Antarctic bacteria>MESH:C537702 ; extremophile bacteria>MESH:C537702","No Data","lipopolysaccharide>MESH:D008070;glycolipid>MESH:D006017;lipid A>MESH:D008050","MS2>2710868"
20703955,"No Data","alkaliphilic>No Data ; alkali-tolerant filamentous fungi>MESH:D006934 ; alkaliphilic glycosyl hydrolase>MESH:C531854","No Data","ATP>MESH:D000255;MTCC 6489>-;guanidium hydrochloride>-;GdmCl>-;tryptophan>MESH:D014364;8-anilino-1- naphthalene sulfonate>MESH:C515594","Penicillium citrinum>5077"
22350256,"No Data","hyper-alkaline>MESH:D053306","No Data","saline>MESH:D012965;chromium>MESH:D002857;iron>MESH:D007501;lixiviate>-;metal>MESH:D008670","No Data"
11589226,"No Data","hyperthermophilic archaea>No Data","No Data","salt>MESH:D012492;oxygen>MESH:D010100","No Data"
34777269,"No Data","No Data","No Data","Hypersaline>-;metal>MESH:D008670;hypersaline>-;saline>MESH:D012965","metagenomes>408169"
26159877,"No Data","halotolerant alkaliphilic>No Data","No Data","salt>MESH:D012492;serine>MESH:D012694;ammonium sulfate>MESH:D000645;CaCl2>MESH:D002122;PMSF>-;NaCl>MESH:D012965;diethyl ether>MESH:D004986;benzene>MESH:D001554;toluene>MESH:D014050;chloroform>MESH:D002725;hydrogen peroxide>MESH:D006861","Bacillus sp. NPST-AK15>1623497;Bacillus sp. strain NP>1623497;NPST-AK15>1623497"
30231921,"No Data","haloalkaliphilic>No Data","No Data","hypersaline>-;Hypersaline soda>-;carbonate>MESH:D002254;salt>MESH:D012492;carbon>MESH:D002244;sulfur>MESH:D013455;nitrogen>MESH:D009584;haloalkaline>-","uncultured>198431;uncultured prokaryote>198431;metagenomes>408169;metagenome>256318"
24281914,"No Data","stress>MESH:D000079225","No Data","chlorophyll>MESH:D002734","green algae>3041"
38133826,"No Data","No Data","No Data","Carboniferous Basin>MESH:C074619","algae>569578;Ochrophyta>2696291"
38035483,"No Data","hemiparasitic>No Data ; infected branch>MESH:D007239 ; infection>MESH:D007239","No Data","xanthurenic acid>MESH:C028330;propylparaben>MESH:C006068;potassium>MESH:D011188;N-1-naphthylacetamide>MESH:C025234;N-Boc-hydroxylamine>MESH:D019811;N-acetylserotonin>MESH:C006389;arecoline>MESH:D001115;acetophenone>MESH:C038699;6-methoxymellein>MESH:C080190","Acacia gerrardii>875634;Viscum schimperi>1874183;A. gerrardii>875634"
33620581,"No Data","alkaliphilic haloarchaea>No Data","No Data","hypersaline>-;sulfoxides>MESH:D013454;DMSO>MESH:D004121;Dimethylsulfoxide>MESH:D004121;sulfur>MESH:D013455;haloarchaea>-;methionine sulfoxide>MESH:C013111;MSO>MESH:C013111;tetramethylene sulfoxide>MESH:C038166;TMSO>MESH:C038166;hypersaline salt>-;formate>MESH:C030544;acetate>MESH:D000085;O2>MESH:D010100;sulfoxide>MESH:C005746","enrichment cultures>1566732;yeast>4932;Halanaeroarchaeum sulfurireducens>1604004"
22297696,"No Data","cold>MESH:D000067390 ; Paraliobacillus quinghaiensis YIM-C158(T>MESH:D001260 ; Paraliobacillus ryukyuensis O15-7(T>MESH:D020754","No Data","NaCl>MESH:D012965;fatty acids>MESH:D005227;C>MESH:D002244;anteiso-C>-;omega11c>-;lipids>MESH:D008055;diphosphatidylglycerol>MESH:D002308;phosphatidylglycerol>MESH:D010715;meso-diaminopimelic acid>MESH:D003960","Alkalilactibacillus ikkensis>486507;Natronobacillus azotifigens>472978;Halolactibacillus miurensis>306541;H. miurensis>306541;N. azotifigens>472978;Amphibacillus tropicus>173040;Bacillus rRNA group 1>1386;Alkalilactibacillus>486507"
33404954,"No Data","haloalkaliphilic actinomycete>MESH:D000193 ; fitness>MESH:D012640","No Data","starch>MESH:D013213;NaCl>MESH:D012965;salt>MESH:D012492","actinomycete>100235;Streptomyces lopnurensis>1495572;yeast>4932"
27290724,"No Data","No Data","No Data","sulfur>MESH:D013455;Alkaline sulfur>-;nitrogen>MESH:D009584;methane>MESH:D008697;sulfate>MESH:D013431","No Data"
17429572,"No Data","Alkaliphilic>No Data","No Data","No Data","Bacillus clausii>79880;Bacillus sp. strain >66692;KSM-K16>66692;B. clausii>79880"
23881259,"No Data","Buriatia>No Data ; alkaliphilic>No Data","No Data","sulfate>MESH:D013431;lactate>MESH:D019344;formate>MESH:C030544;ethanol>MESH:D000431;acetate>MESH:D000085;CO2>MESH:D002245;Su2>-;Fe(III)>-","Desulfonatronum buryatense>489971;Ki4>489971;Ki5>489971;Desulfonatronum>489971;D. lacustre Z-7951>935942"
24638260,"No Data","No Data","No Data","methane>MESH:D008697;Methane>MESH:D008697;CH4>-;Tex>-","Methylomicrobium alcaliphilum>271065"
34093984,"TAK>1025","alkaliphilic>No Data","No Data","carbohydrate>MESH:D002241;hydrogen>MESH:D006859","No Data"
19930649,"No Data","No Data","No Data","salt>MESH:D012492;NaCl>MESH:D012965","No Data"
38348017,"NULL","NULL","NULL","NULL","NULL"
12072958,"alkaline phosphatase>13916924 ; AP>13916924","No Data","No Data","NH(2)>-","Thermus thermophilus>274;T. thermophilus HB8>300852;shuttle vector>45197;HB8>274"
17027868,"No Data","No Data","No Data","putrid mineral cutting oil>-;water>MESH:D014867;mineral cutting oil>-;SDS>MESH:D012967;triacylglycerols>MESH:D014280;medium-chain fatty acids>-;Zn>MESH:D015032;Hg>MESH:D008628;Cu>MESH:D003300;Mg>MESH:D008274;sodiumdeoxycholate>MESH:D003840;metal>MESH:D008670","Pseudomonas aeruginosa>287;P. aeruginosa>287"
30863668,"No Data","extremophile actinomycetes>MESH:D000193","No Data","salt>MESH:D012492","Staphylococcus aureus>1280;Escherichia coli>562;Aspergillus niger>5061"
33933779,"No Data","No Data","No Data","water>MESH:D014867;arsenic>MESH:D001151;Water>MESH:D014867;oxygen>MESH:D010100;sulfate>MESH:D013431;fluoride>MESH:D005459","Paracyclops chiltoni>2586190"
34310933,"No Data","No Data","No Data","halochloris>-;hydrogen>MESH:D006859;hypersaline>-","phototrophic bacterium>52958;Halorhodospira halochloris>1052;phototrophic>52958;purple bacteria>1224"
37427410,"No Data","extremophile viviparous nematode>MESH:D009349 ; Tokorhabditis tufae>No Data","No Data","arsenic>MESH:D001151","lima bean>3884"
35587636,"No Data","No Data","No Data","saline>MESH:D012965;carbohydrate>MESH:D002241;NaCl>MESH:D012965","Populus euphratica>75702;P. euphratica>75702;Euphrates poplar>75702;people>9606;Bacillus>1925021;Bacillus haynesii>1925021"
27871132,"No Data","turnover of dead organic matter>MESH:D001926 ; conidial swelling>MESH:D004487","No Data","water>MESH:D014867;Water>MESH:D014867;sugar>MESH:D000073893","Aspergillus penicillioides>41959;human>9606;Xeromyces bisporus>89491;A. penicillioides>41959"
35052375,"No Data","stress>MESH:D000079225 ; abiotic stresses>MESH:D000079225","No Data","sodium>MESH:D012964;hydrogen>MESH:D006859;potassium>MESH:D011188;lithium>MESH:D008094;salt>MESH:D012492","Canavalia rosea>3825;C. rosea>3825;yeast>4932"
25836039,"No Data","No Data","No Data","liquids>-;salts>MESH:D012492;C10MIMCl>-;inorganic>-;Na2CO3>-;(NH4)2SO4>-","Thermus thermophilus HB27>262724"
29476252,"No Data","No Data","No Data","Fe2+>-","No Data"
34681129,"No Data","Stress-Tolerant Bacillus halotolerans Strain>MESH:D000079225","No Data","surfactin>-;fengycin>MESH:C049972","Bacillus halotolerans>260554;Bacillus>260554"
37481751,"No Data","No Data","No Data","nitrogen>MESH:D009584;acetate>MESH:D000085;glyoxylate>MESH:D006038;sulfide>MESH:D013440;thiosulfate>MESH:D013885","Rhodobaca bogoriensis>119542;purple sulfur bacteria>1046;Rhodobaca bogoriensis stra>1188254;LBB1>1188254;purple bacteria>1224;purple nonsulfur bacteria>41295"
31592688,"No Data","No Data","No Data","sulfur>MESH:D013455;hydrogen>MESH:D006859;methane>MESH:D008697;nitrogen>MESH:D009584;oxygen>MESH:D010100","metagenomes>408169;Metagenomes>408169"
29779132,"No Data","No Data","No Data","No Data","Turkey>9103;algae>569578;human>9606;Galdieria phlegrea>1389228;G. sulphuraria>130081;G. daedala>178532;G. maxima>178533"
28087527,"No Data","Stress>MESH:D000079225","No Data","calcium>MESH:D002118;mannose>MESH:D008358;carbohydrate>MESH:D002241;Ca2+>MESH:D000069285","No Data"
31722266,"No Data","abiotic stress>MESH:D000079225","No Data","carbon>MESH:D002244;water>MESH:D014867","Brassica oleracea var>3712"
31338597,"PEP>828706","No Data","No Data","glyphosate>MESH:C010974;AroAT>-","Thermotoga maritima>2336;Escherichia coli>562;Arabidopsis>3702;Thermotoga maritima MSB8>243274;Arabidopsis thaliana>3702"
33645540,"No Data","No Data","No Data","Atacama>-;hydrogen peroxide>MESH:D006861;water>MESH:D014867;oxygen>MESH:D010100;methionine>MESH:D008715;heme>MESH:D006418","Acinetobacter sp. Ver3>466088;Acinetobacter sp>472"
32833498,"No Data","Cold>MESH:D000067390 ; halophilic/psychrophilic bacteria>MESH:C537702","No Data","magnesium perchlorate>MESH:C016547;Mg(ClO4)2>-;Mg-perchlorate>-;salt>MESH:D012492;saline>MESH:D012965","Rhodococcus sp. JG3>1305835"
32955600,"No Data","No Data","No Data","athalassohaline>-;hypersaline>-;salt>MESH:D012492","No Data"
29292148,"No Data","emulsification>No Data ; emulsify>No Data","No Data","exopolysaccharide>-;vitamin C>MESH:D001205;Vit C>MESH:D001205;EPS>MESH:C100219;Ca6>-;Water>MESH:D014867;EPS-Ca6>-;lipid>MESH:D008055;polymer>MESH:D011108","Lactobacillus sp>1591"
36721347,"No Data","infection>MESH:D007239","No Data","NaCl>MESH:D012965","Thermus parvatiensis>456163"
37029326,"No Data","No Data","No Data","anthracene>MESH:D000873;Polycyclic Aromatic Hydrocarbons>MESH:D011084;ethanol>MESH:D000431","Didymellaceae sp>1907517"
33993356,"No Data","No Data","No Data","sulfur>MESH:D013455;nitrogen>MESH:D009584;methane>MESH:D008697;carbon>MESH:D002244","No Data"
29497843,"No Data","No Data","No Data","Ser224>-;Lys249>-;Gln253>-;serine>MESH:D012694;Calcium>MESH:D002118;SDS>MESH:D012967","Planococcus sp. CGMCC 8088>1704238;marine bacterium>56765;Planococcus sp>1871321;Bacillus subtilis str. 168>224308"
32418069,"No Data","No Data","No Data","(S)-amine>MESH:D000588;(S)-( +)-1-phenylethylamine>MESH:C033198;aldehydes>MESH:D000447;alpha-diketones>-;Pcryo361>-;acetophenone>MESH:C038699;amines>MESH:D000588;aldehyde>MESH:D000447","Psychrobacter cryohalolentis>330922"
32389811,"No Data","No Data","No Data","ice>MESH:D007053","Antarctomyces pellizariae>1955577"
31481201,"No Data","No Data","No Data","water>MESH:D014867;salt>MESH:D012492;NaCl>MESH:D012965;propionic acid>MESH:C029658","Eutrema salsugineum>72664;E. salsugineum>72664"
15999223,"No Data","No Data","No Data","Glu27>-;Val486>-;carbohydrate>MESH:D002241;SDS>MESH:D012967","Bacillus sp. strain J>253629;Bacillus subtilis>1423;JAMB-750>253629;Cellvibrio japonicus>155077;Cellulomonas fimi>1708;Bacillus sp. strain>1418;AM-001>1418;Homo sapiens>9606"
35137293,"No Data","No Data","No Data","carboxymethylcellulose>MESH:D002266;CMC>MESH:D002266;agar>MESH:D000362;isopropyl beta-d-1-thiogalactopyranoside>-;IPTG>-;Sodium dodecyl sulfate>MESH:D012967;polyacrylamide>MESH:C016679;SDS>MESH:D012967;ethylenediamine tetraacetic acid>MESH:D004492;EDTA>MESH:D004492;methanol>MESH:D000432;Zn>MESH:D015032;Fe>MESH:D007501;Cu>MESH:D003300","Cloning>31851;cloning vector (pUC19)>31851;Escherichia coli DH5alpha>668369;E. coli>562;Bacillus amyloliquefaciens>1390"
35742848,"No Data","Stresses>MESH:D000079225 ; shock>MESH:D012769 ; stress>MESH:D000079225 ; abiotic stresses>MESH:D000079225 ; osmotic stresses>MESH:D000079225 ; rosea to abiotic stresses>MESH:D000079225","No Data","salt>MESH:D012492","Canavalia rosea>3825;C. rosea>3825;yeast>4932"
25293792,"No Data","No Data","No Data","hydrocarbon>MESH:D006838;hypersaline>-;water>MESH:D014867;oil>MESH:D009821;n-hexadecane>MESH:C007932;phenanthrene>MESH:C031181;KCl>MESH:D011189;MgSO4>MESH:D008278;thiamin>MESH:D013831;pyridoxine>MESH:D011736;vitamin B12>MESH:D014805;biotin>MESH:D001710;riboflavin>MESH:D012256;folic acid>MESH:D005492","No Data"
37520367,"No Data","fitness>MESH:D012640 ; chemolithoautotrophic iron reducer>MESH:C536418","No Data","Iron>MESH:D007501;sulfur>MESH:D013455;sulfidogen>No Data;thiosulfate>MESH:D013885;iron>MESH:D007501;Fe(II)>MESH:D007501;Fe(III)>MESH:D007501;tetrathionate>MESH:D013776;sulfite>MESH:D013447;iron(III)>MESH:D007501;Fe>MESH:D007501","Dethiobacter alkaliphilus>427926;D. alkaliphilus>427926;strain Z>83561"
18097633,"No Data","No Data","No Data","alkaline>-;saline>MESH:D012965;HCO3>MESH:D001639;CO3(2-)>-","Natronococcus sp>35747;Natronolimnobius sp>2071605;Natronobacterium sp>1973140;Natrinema sp>1917451;Natronomonas sp>2184060;Halovivax sp>1935978;Halalkalicoccus jeotgali>413810"
12910392,"No Data","deep-sea psychrophilic>MESH:D009041 ; SDS>MESH:D000081003","No Data","serine>MESH:D012694;phenylmethyl sulfonylfluoride>MESH:D010664;diisopropyl fluorophosphate>MESH:D007531;EDTA>MESH:D004492;EGTA>MESH:D004533;1-10-phenanthroline>MESH:C025205;2-2'-bipyridyl>MESH:D015082;urea>MESH:D014508;guanidine HCl>MESH:D019791;thiol>MESH:D013438;dithiotreitol>-;N-succinyl-Ala-Ala-Pro-Phe- p-nitroanilide>-;N-succinyl-Ala-Ala-Pro-Leu- p-nitroanilide>-","Pseudomonas stra>221588;DY-A>221588;Pseudomonas>221588"
37303170,"No Data","No Data","No Data","Polyproline>MESH:C011083;polyproline>MESH:C011083;N-carboxyanhydride>MESH:C517076;polysarcosine>MESH:C015475;polyprolines>MESH:C011083;vinyl>MESH:D014753","No Data"
37102964,"NULL","NULL","NULL","NULL","NULL"
26547282,"No Data","genus Alcolapia>MESH:D056304 ; Alcolapia>No Data ; tilapia>No Data","No Data","hypersaline>-;water>MESH:D014867;nitrogen>MESH:D009584;guano>-","Magadi tilapia>40169"
31538256,"No Data","No Data","No Data","saline>MESH:D012965;Nima>-;meso-diaminopimelic acid>MESH:D003960;diamino acid>MESH:D000599;MK-7>MESH:C062629;menaquinone>MESH:D024482;fatty acids>MESH:D005227;lipids>MESH:D008055;diphosphatidyl glycerol>MESH:D002308;DPG>MESH:D002308;phosphatidyl glycerol>MESH:D010715;PG>MESH:D010715;phosphatidyl ethanolamine>MESH:C483858;PE>MESH:C483858;phosphatidyl choline>MESH:D010713;PC>MESH:D010713;phosphatidyl methyl ethanolamine>-;PME>-;aminophospholipids>-;UAPL>-","No Data"
10357000,"No Data","haloalkaliphilic Archaea>No Data","No Data","No Data","No Data"
19387766,"No Data","No Data","No Data","saline>MESH:D012965;oligonucleotide>MESH:D009841","gamma-subdivision>1236"
27726599,"No Data","halotolerant alkaliphiles>No Data ; alkaliphilic>No Data ; lipolytic halotolerant alkaliphilic>No Data","No Data","ammonia>MESH:D000641;salt>MESH:D012492;saline>MESH:D012965","No Data"
38302670,"NULL","NULL","NULL","NULL","NULL"
26290358,"No Data","No Data","No Data","No Data","Filamentous anoxygenic phototrophic bacteria>1106"
15309564,"No Data","alkaliphilic>No Data","No Data","salt>MESH:D012492;hypersaline>-;sodium>MESH:D012964;NaCl>MESH:D012965;Na2CO3>-;NaHCO3>MESH:D017693;sulfur>MESH:D013455;thiosulfate>MESH:D013885;sulfide>MESH:D013440;polysulfide>MESH:C032915;tetrathionate>-;sulfate>MESH:D013431;sodium carbonate medium>-;soda>-;sodium chloride>MESH:D012965;sodium carbonate>MESH:C005686;bicarbonate>MESH:D001639","Thialkalivibrio halophilus>252474;Thialkalivibrio>252474;gamma subdivision>1236"
30304581,"No Data","Mauritia flexuosa palm>MESH:C535620","No Data","serine>MESH:D012694;EDTA>MESH:D004492;Mn2+>-;Zn2+>-;Ca2+>MESH:D000069285;Mg2+>-;glycine>MESH:D005998;DDGS>-;e2728>-","Pseudomonas aeruginosa>287"
28389755,"No Data","hypertrophic condition>MESH:D000071069 ; hypertrophic>MESH:D006984","No Data","organic carbon>-;sodium>MESH:D012964;carbonate>MESH:D002254","No Data"
11139081,"No Data","alkaliphilic>No Data","No Data","NaCl>MESH:D012965","Bacillus sp. strai>122089;P-4-N>122089;Bacillus subtilis>1423"
15322951,"No Data","Novel alkaliphilic>MESH:C000657245","No Data","NaCl>MESH:D012965;hydrocarbons>MESH:D006838;carbohydrates>MESH:D002241;organic acids>-;Nitrate>MESH:D009566;fumarate>MESH:D005650","Marinobacter alkaliphilus>254719;Marinobacter>254719;M. aquaeolei str>351348;VT8>351348;M. hydrocarbonoclasticus>2743"
25574563,"No Data","No Data","No Data","silica>MESH:D012822","No Data"
31768644,"No Data","No Data","No Data","Azo dyes>MESH:D001391;azo dyes>MESH:D001391;Reactive Black 5>MESH:C063421;RB5>MESH:C063421;Remazol Brilliant Violet 5R>MESH:C111247;RV5>MESH:C111247;Reactive Orange 16>MESH:C483723;RO16>MESH:C483723","Halomonas sp>1486246"
19050822,"NapB>63908","No Data","No Data","nitrate>MESH:D009566;napA>-;saline>MESH:D012965","No Data"
27503443,"NULL","NULL","NULL","NULL","NULL"
30701281,"No Data","Streptococcus thermophilus LMD-9 and Lactobacillus rhamnosus GG>MESH:C537267","No Data","bile salts>MESH:D001647;Bile Esculin Azide medium>-;BEA>-;salt>MESH:D012492;NaCl>MESH:D012965","Streptococcus macedonicus>59310;S. macedonicus>59310;LGG>568703;S. macedonicus ACA-DC-198>1116231;LMD-9>322159;LGG strain>568703"
35190857,"No Data","desiccation stress>MESH:D000079225","No Data","calcium carbonate>MESH:D002119;urea>MESH:D014508;calcium>MESH:D002118;NaCl>MESH:D012965","Bhargavaea cecembensis>394098;Bhargavaea>394098"
30897508,"No Data","stresses>MESH:D000079225 ; dry matter>MESH:D015352","No Data","nitrogen>MESH:D009584;NaCl>MESH:D012965;NH4+>-;water>MESH:D014867;ammonium>MESH:D064751;nitrate>MESH:D009566;NO3>-;NO3-->-;chloride>MESH:D002712","maize>4577;Zea mays>4577"
30716444,"No Data","No Data","No Data","No Data","Erythrophleum ivorense>53877;E. suaveolens>69058;E. ivorense>53877"
28425950,"No Data","No Data","No Data","Saltpan>-;Saline>MESH:D012965;water>MESH:D014867;hydrocarbon>MESH:D006838;benzanthracene>MESH:C030935;DCPIP>-;2-3-butanediol>MESH:C026978;hexahydro-3-(2-methylpropyl)pyrrole[1-2a]pyrazine-1-4-dione>MESH:C000612400;aziridine>MESH:C033132;dimethylamine>MESH:C034516;ethyl acetate>MESH:C007650;oxypurinol>MESH:D010117;5-hydroxydecanoic acid>MESH:C052853","Salinivibrio sp>1886796"
30457468,"No Data","Alkaliphilic organisms>MESH:D019965 ; alkaliphilic>No Data ; alkaliphilic adaptation>MESH:D018489 ; stresses>MESH:D000079225","No Data","starch>MESH:D013213;organic acids>-;cholic acid>MESH:D019826;lipid>MESH:D008055;sodium>MESH:D012964;potassium>MESH:D011188","a Bacillus>29564;human>9606;Bacillus marmarensis DSM 21297>1188261"
37667571,"No Data","C3 extremophile>MESH:C565169","No Data","CO2>MESH:D002245;carbon>MESH:D002244","Rhazya stricta>396313;R. stricta>396313"
27276261,"PH>5053","No Data","No Data","Lipid>MESH:D008055;hydroxide>MESH:C031356;phospholipids>MESH:D010743;lipid>MESH:D008055;valinomycin>MESH:D014634;carbons>MESH:D002244;lipids>MESH:D008055;isoprenoid>MESH:D013729;water>MESH:D014867","No Data"
26242906,"No Data","No Data","No Data","water>MESH:D014867;SO4>-;Mg>MESH:D008274;lacustrine>-","No Data"
20718295,"No Data","halophilic archaeon Natrialba aegyptiaca>No Data","No Data","poly-gamma-L-glutamate>-;poly-gamma-glutamate>MESH:C511775;PGA>MESH:C511775;L-glutamate>MESH:D018698;gamma-amide>-;L-PGA>-","No Data"
32157393,"No Data","Antarctica Peninsula>No Data","No Data","Sabouraud agar>-;1H>-","Penicillium palitans>293373;Thelebolus balaustiformis>2072948;Glaciozyma antarctica>105987;Rhodotorula mucilaginosa>5537;Rhodotorula dairenensis>86832;Penicillium>5081;Penicillium chrysogenum>5076;P. chrysogenum>5076;P. palitans>293373"
32525738,"No Data","No Data","No Data","Water>MESH:D014867","uncultured bacteria>77133;Patescibacteria>1783273"
10879559,"No Data","alkaliphilic methanotroph>No Data","No Data","oxidize>-;methane>MESH:D008697;methanol>MESH:D000432;formaldehyde>MESH:D005557;ammonia>MESH:D000641;nitrite>MESH:D009573;CH4>-;nitrate>MESH:D009566;nitrogen>MESH:D009584;sulfur>MESH:D013455;CS2>-;DMS>MESH:D004113;DMDS>MESH:C021181","Methylomicrobium>39776;mixed sample>1427524;type I methanotrophs>403;Methylobacter alcaliphilus>271065;20Z>1091494;Methylobacter>271065;Methylomicrobium pelagicum>39776"
28045976,"L-1>16728 ; mL-1>16728","alkaliphilic>No Data ; extremophilic Euryarchaeota>No Data","No Data","Thalassohaline>-;water>MESH:D014867;CO32>-;thalassohaline>-;chlorophyll a>-;oxygen>MESH:D010100","Arthrospira sp>35824;Arthrospira>35824"
21894491,"No Data","No Data","No Data","salt>MESH:D012492;neutral red>MESH:D009499;Pt>MESH:D010984;hydrogen>MESH:D006859","Haloferax volcanii>2246;Natrialba magadii>13769;H. volcanii>2246;N. magadii>13769;E. coli>562"
30536130,"No Data","No Data","No Data","water>MESH:D014867","Thermus scotoductus>37636;T. scotoductus>37636;Thermus>37636"
15064977,"No Data","No Data","No Data","water>MESH:D014867","green algae>3041;Aphanothece clathrata>1521602"
18622572,"No Data","deep Antarctic>MESH:D057887","No Data","No Data","yeast>4932"
27896501,"No Data","No Data","No Data","SDS>MESH:D012967;pyrogallol>MESH:D011748;chloride>MESH:D002712","Thermomicrobium roseum>500;T. roseum>500"
26588061,"No Data","No Data","No Data","water>MESH:D014867;NaCl>MESH:D012965;sugars>MESH:D000073893;proline>MESH:D011392;salt>MESH:D012492","Beta macrocarpa>343494;Beta macrocarpa Guss>343494;Swiss chard>3555;B. macrocarpa>343494"
22887673,"No Data","haloalkaliphilic>No Data","No Data","salt>MESH:D012492","Alkalibacillus haloalkaliphilus C-5>1193119"
10972192,"No Data","alkaliphilic>No Data","No Data","hydrogen>MESH:D006859;sulfur>MESH:D013455;sulfate>MESH:D013431;carbon>MESH:D002244;acetate>MESH:D000085;NAD>MESH:D009243;methylene blue>MESH:D008751","enrichment culture>1566338;Roseinatronobacter thiooxidans>121821"
33030592,"No Data","alkaliphilic metabolism>MESH:D008659 ; hallmarks linking alkaliphilic bacteria>MESH:D053632 ; alkaliphilic bacteria>MESH:C537702","No Data","glutamate>MESH:D018698;sucrose>MESH:D013395;carbon>MESH:D002244;CO2>MESH:D002245","Caldalkalibacillus thermarum TA2.A1>986075;Caldalkalibacillus thermarum strain>986075;TA2.A1>986075;Arabidopsis thaliana>3702"
31025057,"No Data","extremophilic bacteria>MESH:C537702","No Data","serine>MESH:D012694","No Data"
27891113,"No Data","death>MESH:D003643 ; MBC>MESH:D001943","No Data","Silver>MESH:D012834;silver>MESH:D012834;AgNP>-;AgNPs>-","Bacillus>1408;Bacillus pumilus>1408;Panagrellus redivivus>6233;human>9606"
22311159,"No Data","No Data","No Data","carbon>MESH:D002244","mixed culture>1306155"
24927538,"fog>161882","No Data","No Data","water>MESH:D014867;nitrogen>MESH:D009584;O2>MESH:D010100","No Data"
15959626,"No Data","No Data","No Data","carbonate>MESH:D002254;water>MESH:D014867;aragonite>MESH:D002119","Turkey>9103"
37668803,"No Data","No Data","No Data","ammonia>MESH:D000641;carbon>MESH:D002244","No Data"
37474779,"No Data","No Data","No Data","superoxide>MESH:D013481;ascorbate>MESH:D001205;proline>MESH:C489032;H2O2>MESH:D014867;malondialdehyde>MESH:D008315;1-aminocyclopropane-1-carboxylic acid>MESH:D002264","Ramonda serbica>757438;R. nathaliae>656708;Triticum aestivum L>4565;Pseudomonas putida>303;Bacillus cereus>1396;B. cereus>1396;P. putida>303;Vicinamibacter silvestris>1612172;Chthoniobacter flavus>191863;Gaiella occulta>1002870"
31087168,"No Data","Oocystis submarina Lagerheim>No Data","No Data","water>MESH:D014867","green algae>3041;purple bacteria>1224"
32528424,"No Data","No Data","No Data","serine>MESH:D012694;beta-mercaptoethanol>-;beta-ME>-;dithiothreitol>MESH:D004229;DTT>MESH:D004229;urea>MESH:D014508;phenylmethylsulfonyl fluoride>MESH:D010664;PMSF>MESH:D010664;ethylenediaminetetraacetic acid>MESH:D004492;EDTA>MESH:D004492;Tween 20>MESH:D011136;Tween 80>MESH:D011136;hydrogen peroxide>MESH:D006861;Triton X-100>MESH:D017830","Psychrobacter sp>56811;E. coli>562;Psychrobacter>56811"
28478604,"No Data","alkaliphilic fungus>MESH:D009181 ; alkaliphilic bacteria and alkalitolerant fungi>MESH:C537702 ; alkaliphilic S>MESH:D018455","No Data","lipids>MESH:D008055;sugars>MESH:D000073893;trehalose>MESH:D014199;phosphatidic acids>MESH:D010712;carbohydrate>MESH:D002241;glucose>MESH:D005947;mannitol>MESH:D008353;arabitol>MESH:C014999;carbohydrates>MESH:D002241;sphingolipids>MESH:D013107;sterols>MESH:D013261","Sodiomyces tronii>1525349"
22295871,"Caspase-1>834 ; caspase-1>834 ; interleukin-1beta>3553","leukemia>MESH:D007938 ; leukemia cancer>MESH:D009369 ; Cancer>MESH:D009369","No Data","copper>MESH:D003300;metal-sulfate>-;water>MESH:D014867;Berkazaphilones B (>-;) and C (>-;vermistatin>MESH:C051060;penisimplicissin>-","Penicillium rubrum>1266769;human>9606"
24214268,"No Data","abiotic stresses>MESH:D000079225","No Data","salt>MESH:D012492;water>MESH:D014867;H2O2>MESH:D006861;H2O>-","Thellungiella salsuginea>72664;Arabidopsis>3702;Xenopus>8355;yeast>4932;T. salsuginea>72664"
29450709,"No Data","No Data","No Data","iron>MESH:D007501;ferric iron>-","enrichment>1566732;enrichment cultures>1566732"
32424739,"No Data","No Data","No Data","serine>MESH:D012694;aspartic>-;glutamic acid>MESH:D018698;histidine>MESH:D006639;saline>MESH:D012965;Glu128>-;hydrogen>MESH:D006859;Asn35>-;Gln152>-;Lys101>-","Bacillus licheniformis>1402;Bacillus haynesii>1925021;Bacillus>227866;Bacillus tequilensis>227866;10b>227866"
20091326,"sea>6395","Antarctic Peninsula>No Data","No Data","water>MESH:D014867","human>9606"
31407121,"No Data","No Data","No Data","SAPA>-;sodium dodecyl sulfate>MESH:D012967;polyacrylamide gel>MESH:C016680;SDS>MESH:D012967;diiodopropyl fluorophosphates>-;DFP>-;phenylmethanesulfonyl fluoride>-;PMSF>-;serine>MESH:D012694","Anoxybacillus kamchatkensis>196180;Bacillus>1408;E. coli>562;Bacillus subtilis>1423;Bacillus pumilus>1408;Bacillus licheniformis>1402"
28764042,"No Data","No Data","No Data","purine>MESH:C030985;nucleoside-5'-monophosphates>-;5'-NMPs>-;water>MESH:D014867;5'-GMP>MESH:D006157;5'-IMP>MESH:D007291;guanine>MESH:D006147;hypoxanthine>MESH:D019271","Thermus thermophilus>274"
37499824,"No Data","zooplankton>No Data","No Data","Se>MESH:D012643","No Data"
15064991,"No Data","No Data","No Data","water>MESH:D014867","enrichment cultures>1566732"
12486457,"No Data","No Data","No Data","- and>MESH:C019152;aminoacyl-tRNA>MESH:D012346","No Data"
37890823,"NULL","NULL","NULL","NULL","NULL"
24430481,"spa>653509","No Data","No Data","No Data","No Data"
15022105,"No Data","alkaliphilic>No Data","No Data","prepropeptides>-;serine>MESH:D012694","Bacillus>109322;Bacillus sp. strain K>109322"
36937286,"No Data","picoalga Picocystis salinarum>No Data ; exclusive haloalkaliphilic>MESH:C580202 ; haloalkaliphilic picoalgal>No Data ; glucose metabolism>MESH:D044882 ; hyperosmotic conditions>MESH:D000071069","No Data","carbon>MESH:D002244;ATP>MESH:D000255;Na2CO3>MESH:D012964;NaHCO3>MESH:D017693;NaCl>MESH:D012965;adenosine triphosphate>MESH:D000255;Fructose-1-6-bisphosphatase>MESH:D005632;Fructose-bisphosphate>MESH:C027652;PXD037170>MESH:C487081","Picocystis>88271;Picocystis salinarum>88271;P. salinarum>88271"
26941731,"No Data","No Data","No Data","sodium carbonates>MESH:C005686;Hypersaline>-;sulfur>MESH:D013455;sugars>MESH:D000073893;oxygen>MESH:D010100;carbon>MESH:D002244;sodium>MESH:D012964;salt>MESH:D012492;xenorhodopsins>-","purple non-sulfur bacteria>1224"
27278384,"No Data","rigidity>MESH:D009127","No Data","carbon>MESH:D002244;water>MESH:D014867;Carbon>MESH:D002244;NaCl>MESH:D012965;CO2>MESH:D002245;lipid>MESH:D008055","No Data"
27484342,"No Data","No Data","No Data","Cadmium>MESH:D002104;Metal>MESH:D008670;Water>MESH:D014867;metal>MESH:D008670;cadmium>MESH:D002104;water>MESH:D014867;reactive oxygen species>MESH:D017382;ROS>MESH:D017382;Cd>MESH:D002104;carbohydrate>MESH:D002241","Dunaliella acidophila>38272;D. acidophila>38272"
20407798,"No Data","haloalkaliphilic sulfur-reducing bacterium Desulfurispirillum alkaliphilum>MESH:C564972","No Data","sulfur>MESH:D013455;acetate>MESH:D000085;propionate>MESH:D011422;carbon>MESH:D002244;polysulfide>MESH:C032915;arsenate>MESH:C025657;sulfide>MESH:D013440;arsenite>MESH:C015001","Desulfurispira natronophila>682562;enrichment cultures>1566732"
38252174,"No Data","shock>MESH:D012769 ; shock proteins>MESH:D012769 ; stresses>MESH:D000079225 ; hyperosmolar stress>MESH:D000079225","No Data","No Data","Escherichia coli>562;E. coli>562;Tepidimonas sediminis>2588941;Oceanithermus profundus>187137;T. sediminis>392725"
31781937,"No Data","extremophyte Eutrema salsugineum>No Data ; Eutrema>No Data","No Data","phosphate>MESH:D010710;phosphorus>MESH:D010758;P>MESH:D010758;pyrophosphate>MESH:C107241;saline>MESH:D012965","Eutrema salsugineum>72664;Arabidopsis>3702"
25308761,"No Data","stress>MESH:D000079225 ; osmotic stress>MESH:D000079225","No Data","lipids>MESH:D008055;water>MESH:D014867;phosphorus>MESH:D010758;PEG>-;digalactosyl diacylglycerol>MESH:C007388","Thellungiella salsuginea>72664;Arabidopsis thaliana>3702;T. salsuginea>72664;A. thaliana>3702"
23568449,"No Data","Leptolyngbya and Geitlerinema>No Data","No Data","water>MESH:D014867","Methanomethylovorans thermophila>286152;Methanomassiliicoccus luminyensis>1080712;Methanococcus aeolicus>42879;Thauera sp>1905334;Methyloversatilis universalis>378211;Pannonibacter phragmitetus>121719;Polymorphum gilvum>991904"
18401746,"No Data","novel alkaliphilic bacillus>MESH:C000657245 ; alkaliphilic>No Data","No Data","cyclodextrins>MESH:D003505","Bacillus>445330;8SB>445330;Bacillus sp. 8SB>445330"
32050135,"No Data","No Data","No Data","Pb>MESH:D007854;Cd>MESH:D002104;nitrogen>MESH:D009584;phosphorus>MESH:D010758","Lathyrus sativus>3860;Rhizobium leguminosarum>384;Bacillus simplex>1478;Luteibacter sp>1886636;Variovorax sp>1871043;R. leguminosarum>384;Pseudomonas fluorescens>294;L. sativus>3860"
22583823,"No Data","alkali stresses>MESH:D000079225 ; stress>MESH:D000079225","No Data","salt>MESH:D012492;saline>MESH:D012965","Alkalimonas amylolytica>152573;flowering plants>3398;higher plants>3193;tobacco>4097"
30282060,"No Data","Antarctic lichen Dermatocarpon polyphyllizum>MESH:D018459","No Data","chlorophyll>MESH:D002734;chlorophyll a>-;chlorolichen>-;carotenoids>MESH:D002338;water>MESH:D014867","Dermatocarpon polyphyllizum>172334"
29018969,"No Data","No Data","No Data","carbonate>MESH:D002254;sulphate>MESH:D013431;manganese>MESH:D008345;pseudokutnahorite>-;carbonates>MESH:D002254;manganese chloride>MESH:C025340;MnCl2>MESH:C025340;kutnohorite>-;bassanite>-;gypsum>MESH:D002133","Halomonas maura>117606;H. maura>117606"
29681022,"No Data","halotolerant fungus Aspergillus glaucus CCHA>MESH:D001228","No Data","salt>MESH:D012492;NaCl>MESH:D012965;saline>MESH:D012965","A. glaucus>40226;Pichia pastoris>4922;P. pastoris GS115>644223;rice>4530"
27903085,"No Data","No Data","No Data","zinc oxide>MESH:D015034;zinc acetate>MESH:D019345;oxide>MESH:D010087","actinobacterium>1883427;Streptomyces sp>1931"
27351338,"No Data","synchrotron radiation circular dichroism>MESH:D011832 ; SRCD>MESH:D011832","No Data","oil>MESH:D009821;p-nitrophenyl butyrate>MESH:C033592;urea>MESH:D014508;guanidine>MESH:D019791;ethanol>MESH:D000431;propanol>MESH:D000433","Petrotoga mobilis>69499"
31236718,"No Data","halotolerant subtilisin SAPN>No Data","No Data","serine>MESH:D012694;ammonium sulfate>MESH:D000645;SAPN>-;DFP>MESH:D007531;PMSF>-;chitins>MESH:D002686;chitin>MESH:D002686","Melghiribacillus thermohalophilus>1324956;white shrimp>6689;blue swimming crab>146765;Portunus segnis>470445;Metapenaeus monoceros>1211424"
25450641,"No Data","archaeal extremophilic>No Data","No Data","No Data","Escherichia coli>562"
24292445,"No Data","No Data","No Data","arsenite>MESH:C015001;AsIII>-;Arsenic>MESH:D001151;sulfide>MESH:D013440;arsenate>MESH:C025657;AsV>MESH:C571889;arsenic>MESH:D001151;AsTot>-","No Data"
27215207,"No Data","psychrotolerant>No Data","No Data","carotenoid>MESH:D002338;2-3 dihydroxy-gamma-carotene>-;-carotene>MESH:D002338;4-ketotorulene>-;torulene>MESH:C078922;-cryptoxanthin>MESH:D065366;spirilloxanthin>MESH:C055255;mycosporines>-","yeasts>4932;Collophora>2011735;Cryptococcus>1847937;Sporidiobolus>454966;Sporobolomyces>40563;Torrubiella>2047592;Collophora sp>2011735;Sporidiobolus salmonicolor>5005;Sporobolomyces roseus>40563;Sporidiobolus metaroseus>454966;Sp. salmonicolor>5005;Torrubiella sp>2047592;Cryptococcus sp. T11-10-1>1847937"
27059740,"No Data","No Data","No Data","Water>MESH:D014867","biota>131567"
16808526,"acid 1>81857","ovarian cancer>MESH:D010051 ; Cancer>MESH:D009369","No Data","Berkelic acid>MESH:C520589;spiroketal>MESH:C520774;copper>MESH:D003300;metal>MESH:D008670;water>MESH:D014867;gamma-pyrone>-;spiciferone>-","No Data"
12910386,"No Data","No Data","No Data","polyacrylate>-","Echinamoeba thermarum>197648;n. sp>37027;Echinamoeba>197648;E. thermarum>197648"
16601914,"No Data","No Data","No Data","beta-1-3-glucans>MESH:C033363;beta-1-3-1-4-glucan>-;beta-1-3-glucanse>-;Glu123>-;Glu128>-","Nocardiopsis sp. str>221582;Escherichia coli>562"
21600188,"No Data","alkaliphilic>No Data ; F(1)F>OMIM:102510","No Data","hypersaline>-;ATP>MESH:D000255;N-N'-dicylohexylcarbodiimide>-;Mg>MESH:D008274;atp>MESH:D000255","Natranaerobius thermophilus>375929;N. thermophilus>375929"
27010414,"No Data","No Data","No Data","water>MESH:D014867;NaCl>MESH:D012965;carbohydrates>MESH:D002241;proline>MESH:D011392;alpha alanine>-;sucrose>MESH:D013395;malate>MESH:C030298;chlorophyll>MESH:D002734;malondialdehyde>MESH:D008315;salt>MESH:D012492","Atriplex halimus>240028;A. halimus>240028;Atriplex>240028"
22830585,"No Data","dehydration>MESH:D003681","No Data","water>MESH:D014867;hexane>MESH:D006586","Pseudomonas aeruginosa>287"
18427718,"No Data","genus Ralstonia>MESH:D056304","No Data","salt>MESH:D012492;water>MESH:D014867;nitrogen>MESH:D009584;carbon>MESH:D002244;protochlorophyllide>MESH:D011521;hypersaline>-","uncultured>115547;Salinibacter ruber>146919;Alpha-proteobacteria>28211;uncultured archaea>115547"
22559199,"No Data","halophilic archaea>No Data ; haloalkaliphilic archaeon>No Data","No Data","polysaccharide>MESH:D011134;thiamine>MESH:D013831;riboflavin>MESH:D012256;heme>MESH:D006418;cobalamin>MESH:D014805;coenzyme F420>MESH:C015084;Nab>-;carbon>MESH:D002244","Natrialba magadii ATCC 43099>547559;Natrialba magadii>13769;ATCC 43099>13769"
27737605,"No Data","alkali-thermotolerant>MESH:D006934","No Data","NaCl>MESH:D012965;carbon>MESH:D002244;nitrogen>MESH:D009584;metal>MESH:D008670;Cu2+>-;Mn2+>-;Co2+>MESH:D002245;Ca2+>MESH:D000069285","Aeromonas caviae>648;cattle>9913;yeast>4932;A. caviae>648"
12382117,"hMDH>4191","No Data","No Data","salt>MESH:D012492;NaCl>MESH:D012965;hexadecyltrimethylammonium bromide>MESH:D000077286;cyclohexane>MESH:C506365;1-butanol>MESH:D020001;H(2)O>-","Halobacterium salinarum>2242"
24915287,"No Data","clausii cotA>No Data","No Data","salt>MESH:D012492;ABTS>MESH:C002502;SGZ>-;DMP>MESH:D014494;caffeic acid>MESH:C040048;promazine>MESH:D011395;phenyl hydrazine>MESH:C030299;tannic acid>MESH:D013634;bilirubin>MESH:D001663;NaCl>MESH:D012965;copper>MESH:D003300","E. coli>562;Bacillus clausii>79880;B. subtilis>1423;B. clausii>79880"
30400922,"osteocalcin>12097","osteoporosis>MESH:D010024","No Data","EAP>MESH:C005448;beta-1-3/1-6-glucan>MESH:C033671;TM>-;calcium>MESH:D002118;inorganic phosphorus>-;IP>-;risedronate sodium>MESH:D000068296;RES>MESH:D000068296","Aureobasidium pullulans>5580;mice>10090;human>9606;women>9606"
17298474,"No Data","fitness>MESH:D012640","No Data","NaCl>MESH:D012965;water>MESH:D014867;hypersaline>-","yeasts>4932;yeast>4932;Hortaea werneckii>91943;Cryptococcus liquefaciens>104408;Aureobasidium pullulans>5580;Rhodotorula mucilaginosa>5537;A. pullulans>5580;Rh. mucilaginosa>5537;H. werneckii>91943"
15064989,"No Data","Klebsiella>MESH:D007710","No Data","No Data","alpha-Proteobacteria>28211;beta-Proteobacteria>28216;delta-Proteobacteria>28221"
12215811,"No Data","halophilic archaea>No Data","No Data","hypersaline>-;potassium>MESH:D011188","No Data"
24996797,"No Data","No Data","No Data","NaCl>MESH:D012965;LiCl>-","Halomonas zhaodongensis>1176240;NEAU-ST10-25>1176240;Escherichia coli>562;E. coli>562"
22359317,"No Data","extremophilic Geodermatophilus obscurus>No Data","No Data","sodium dodecyl sulfate-polyacrylamide gel>-;SDS>MESH:D012967;esters>MESH:D004952;p -nitrophenol>MESH:C024836;fatty acid>MESH:D005227;p -nitrophenyl acetate>MESH:C008642;C2>MESH:C023714;phenylmethanesulphonyl fluoride>-;PMSF>-;serine>MESH:D012694;methanol>MESH:D000432;metal>MESH:D008670;short chain fatty acids>MESH:D005232","actinobacterium>1883427;Geodermatophilus obscurus>1861"
24030483,"No Data","haloalkaliphilic bacteria>MESH:C537702 ; alkaliphilus>No Data","No Data","sulfur>MESH:D013455;sulfide>MESH:D013440;sulfate>MESH:D013431;metal>MESH:D008670;iron>MESH:D007501;saline>MESH:D012965;metals>MESH:D008670;polysulfides>MESH:C032915;Dt>MESH:D013936","Desulfurivibrio alkaliphilus>427923;Desulfurivibrio sp. AMeS2>1398908;Dethiobacter alkaliphilus>427926"
17006740,"No Data","No Data","No Data","carbohydrate>MESH:D002241;xylan>MESH:D014990;metal>MESH:D008670;NaCl>MESH:D012965;salt>MESH:D012492","Thermotoga neapolitana>2337;Bacillus halodurans>86665;Escherichia coli>562"
26909467,"No Data","Stress>MESH:D000079225","No Data","Salicylic Acid>MESH:D020156;SA>MESH:D020156;Water>MESH:D014867;salt>MESH:D012492;Salicylic acid>MESH:D020156;Marmande>-;NaCl>MESH:D012965;water>MESH:D014867;salicylic acid>MESH:D020156","Tomato>4081;tomato>4081;Solanum lycopersicum>4081"
26026992,"No Data","CotB anchor>MESH:C537277","No Data","No Data","Bacillus subtilis>1423;Escherichia coli>562;shuttle vector>45197;Thermotoga maritima MSB8>243274;B. subtilis>1423"
18373061,"No Data","No Data","No Data","salt>MESH:D012492;thalassohaline>-","No Data"
27142029,"No Data","No Data","No Data","1-butyl-3-methylimidazolium chloride>MESH:C502841;[BMIM]Cl>MESH:C502841;1-ethyl-3-methylimidazolium trifluoromethanesulfonate>MESH:C556629;EMIM]CF3SO3>-;1-butyl-3-methylimidazolium trifluoromethanesulfonate>MESH:C532403;[BMIM]CF3SO3>-;BapIL>-;NaCl solution>-;PMSF>-;EDTA>MESH:D004492","Bacillus amyloliquefaciens>1390;soybean>3847;B. amyloliquefaciens>1390"
12768450,"No Data","haloalkaliphilic>No Data","No Data","sulfur>MESH:D013455;salt>MESH:D012492;thiosulfate>MESH:D013885;sulfide>MESH:D013440;hypersaline>-","enrichment cultures>1566732"
15252724,"No Data","psychrophilic and psychrotolerant>No Data ; psychrotolerant>No Data","No Data","water>MESH:D014867","Bacillus-Clostridium group>1239;olive>4146"
14572091,"No Data","toxicity>MESH:D064420","No Data","Phenol>MESH:D019800;catechol>MESH:C034221;phenol>MESH:D019800;carbon>MESH:D002244;NaCl>MESH:D012965;cis-cis-muconate>MESH:C005939;muconolactone>MESH:C039879;beta-ketoadipate>MESH:C027316;cis-muconate>-","Halomonas campisalis>74661"
18309455,"No Data","alkaliphilic>No Data","No Data","salts>MESH:D012492;salt>MESH:D012492;sulfur>MESH:D013455;hypersaline>-;sodium>MESH:D012964;NaCl>MESH:D012965;ectoine>MESH:C045628;glycine-betaine>MESH:D001622","Thioalkalibacter halophilus>469656"
24859438,"No Data","depression>MESH:D000275 ; Verrucomicrobia>No Data","No Data","water>MESH:D014867;copper>MESH:D003300;lithium>MESH:D008094","No Data"
27315164,"No Data","No Data","No Data","sodium>MESH:D012964;alanines>MESH:D000409","Halomonas sp. Y2>408656"
25496221,"No Data","water deficits>MESH:D000069578","No Data","water>MESH:D014867;glucose>MESH:D005947;fructose>MESH:D005632","Eutrema salsugineum>72664;Thellungiella salsuginea>72664;Arabidopsis>3702"
19888547,"No Data","No Data","No Data","UMB34>-;carbohydrates>MESH:D002241;glucose>MESH:D005947;maltose>MESH:D008320;mannose>MESH:D008358","Chryseobacterium greenlandense>345663;enrichment cultures>1566732;Chryseobacterium>345663;Chryseobacterium aquaticum>452084;Chryseobacterium soli>445961;Chryseobacterium soldanellicola>311333;C. aquaticum>452084;C. soldanellicola>311333;C. soli>445961;Chryseobacterium jejuense>445960;C. jejuense>445960"
24375141,"No Data","No Data","No Data","Mycosporine-2-glycine>MESH:C463482;Mycosporine>-;MAAs>-;mycosporine>-;4-deoxygadusol>-;mycosporine-2-glycine>MESH:C463482;shinorine>MESH:C494891;glycine>MESH:D005998;salt>MESH:D012492","Aphanothece halophytica>72020;Aphanothece>72020;Escherichia coli>562;E. coli>562"
26696418,"No Data","No Data","No Data","serine>MESH:D012694;acetone>MESH:D000096;PMSF>-;NaCl>MESH:D012965;salt>MESH:D012492;tyrosine>MESH:D014443","Bacillus iranensis>930128;X5B>930128;Bacillus iranensis->930128"
11878564,"No Data","alkaliphilic Bacillus>MESH:D000881","No Data","serine>MESH:D012694;fatty acid>MESH:D005227;prepropeptide>-;Ser255>-","Bacillus halmapalus>79882;B. halmapalus>79882;Dictyostelium discoideum>44689"
22212656,"alkaline phosphatase>13916924","No Data","No Data","phosphonate>MESH:D063065","Thermus thermophilus HB8>300852;Thermus thermophilus>274;T. thermophilus HB8>300852;HB8>274"
31218179,"No Data","No Data","No Data","salt>MESH:D012492;ethidium bromide>MESH:D004996;maltose>MESH:D008320;glucose>MESH:D005947;sucrose>MESH:D013395;urea>MESH:D014508;(NH4)2SO4>-;NaCl>MESH:D012965;CaCl2>MESH:D002122;ZnSO4>-","Bacillus atrophaeus>1452;B. atrophaeus>1452;olive>4146;yeast>4932"
19536453,"No Data","No Data","No Data","tellurium>MESH:D013691;selenium>MESH:D012643;arsenic>MESH:D001151;lactate>MESH:D019344;Te>MESH:D013691;agar>MESH:D000362;Te(IV)-medium>-;acetate>MESH:D000085;formate>MESH:C030544;tellurate>MESH:C026660;selenate>MESH:D064586;selenite>MESH:D020887;arsenate>MESH:C025657;nitrate>MESH:D009566;nitrite>MESH:D009573;fumarate>MESH:D005650;oxygen>MESH:D010100;CO(2)>MESH:D002245;sodium>MESH:D012964","Enrichment>1566338;Bacillus beveridgei>632773;enrichment culture>1566338;enrichment>1566338;MLTeJB>632773"
20543878,"No Data","haloalkaliphile's metabolism>MESH:D008659","No Data","salt>MESH:D012492;carbon>MESH:D002244;oxygen>MESH:D010100;acetate>MESH:D000085","Natronomonas pharaonis>2257"
12892493,"No Data","No Data","No Data","SDS>MESH:D012967;pyridine>MESH:C023666;heme c>MESH:C031690;heme>MESH:D006418;iron>MESH:D007501;hydrogen peroxide>MESH:D006861;cyanide>MESH:D003486;3-amino-1-2-4-triazole>MESH:D000640;o-dianisidine>MESH:D003962;2-2'-azino-bis(3-ethylbenzothiazoline-6-sulfonic acid>MESH:C002502;dithionite>MESH:D004227","Thermus brockianus>56956;T. brockianus>56956"
21607550,"No Data","alkaliphilic thermophilic>No Data","No Data","water>MESH:D014867;saline>MESH:D012965","No Data"
21555270,"No Data","N-E Tunisia>MESH:D016751","No Data","water>MESH:D014867;H2O>-;chlorophylls a and b>-;CO2>MESH:D002245","Cotula coronopifolia>174445;C. coronopifolia>174445"
26543264,"No Data","Death>MESH:D003643 ; dryness>MESH:D014987","No Data","metal>MESH:D008670","No Data"
26901506,"No Data","No Data","No Data","proline>MESH:D011392;cadmium>MESH:D002104;water>MESH:D014867;Cd>MESH:D002104;CdCl2>MESH:D019256;chlorophyll>MESH:D002734;hydrogen peroxide>MESH:D006861;H2O2>MESH:D006861;thiobarbituric acid reactive substances>MESH:D017392;TBARS>MESH:D017392;superoxide>MESH:D013481;glutathione>MESH:D005978","date palm>42345;Phoenix dactylifera L>42345"
26439615,"No Data","amphiphilic aquachelin>No Data","No Data","cysteine>MESH:D003545;phenylalanine>MESH:D010649;proline>MESH:D011392;saline>MESH:D012965;water>MESH:D014867;azurol S>-;agar>MESH:D000362;fatty acid methyl ester>-;FAME>-;iron>MESH:D007501;fatty acid>MESH:D005227","Halomonas sp>1486246;Halomonas aquamarina>77097;marine bacterium>56765"
26337149,"No Data","No Data","No Data","CO2>MESH:D002245;water>MESH:D014867;Water>MESH:D014867;carbohydrate>MESH:D002241","No Data"
12728359,"No Data","haloalkaliphilic>No Data","No Data","NaCl>MESH:D012965;sodium>MESH:D012964;casamino acid>MESH:C017721;serine>MESH:D012694;l-lysine>MESH:D008239;l-histidine>MESH:D006639;l-arginine>MESH:D001120;pyruvate>MESH:D019289;proline>MESH:D011392;alanine>MESH:D000409;glycine>MESH:D005998;tryptophan>MESH:D014364;valine>MESH:D014633;acetate>MESH:D000085;acetyl-CoA>MESH:D000105;kanamycin>MESH:D007612;chloramphenicol>MESH:D002701;tetracycline>MESH:D013752;gentamycin>MESH:D005839","Tindallia californiensis>159292;yeast>4932;Tindallia magadiensis>69895;Tindallia>159292;ATCC BAA-393>159292;DSM 14871>159292"
18385928,"No Data","Winnipegosis>No Data","No Data","hypersaline>-;NaCl>MESH:D012965","phototrophic bacteria>52958;phototrophic>52958;Congregibacter litoralis>393662"
22052561,"No Data","alkaliphilic>No Data","No Data","p-nitrophenyl esters>-;p-nitrophenyl propionate>-","Chitinophaga pinensis>79329"
19840102,"No Data","No Data","No Data","water>MESH:D014867","No Data"
29689924,"No Data","vasa deferentia>MESH:C535984","No Data","No Data","Enchytraeus>6390;Turkey>9103;Enchytraeus polatdemiri>2175851;E. albidus>6390;Enchytraeus albidus>6390"
19625440,"No Data","No Data","No Data","glucose>MESH:D005947;xylose>MESH:D014994;carbon>MESH:D002244;mannose>MESH:D008358;xylan>MESH:D014990;pyruvate>MESH:D019289;fructose>MESH:D005632;ribose>MESH:D012266;Casamino acids>MESH:C017721;mannitol>MESH:D008353;cellobiose>MESH:D002475;thiosulfate>MESH:D013885;sulfur>MESH:D013455;sulfide>MESH:D013440","Caldanaerovirga acetigignens>447595;enrichment culture>1566338;yeast>4932;Thermosediminibacter>291989;Thermosediminibacter oceani JW/IW-1228P>555079;Thermosediminibacter litoriperuensis>291989"
16642262,"No Data","deep-sea cold>MESH:D000067390 ; Epsilonproteobacteria>No Data","No Data","sulfate>MESH:D013431;methane>MESH:D008697;carbon>MESH:D002244;sulfur>MESH:D013455","No Data"
24297704,"No Data","No Data","No Data","Daban Salt>-","Escherichia coli>562;E. coli>562;Halomonas elongata>2746;Alkalimonas amylolytica>152573;Vibrio parahaemolyticus>670;Vibrio cholerae>666"
9672687,"No Data","hyperthermophilic archaeon>No Data","No Data","Sulfur>MESH:D013455;NaCl>MESH:D012965;Tryptophan>MESH:D014364;tetraether lipid>-;diether lipids>-","Pyrococcus horikoshii>53953;yeast>4932;Pyrococcus furiosus>2261;P. abyssi>29292;P. furiosus>2261;Pyrococcus>29292"
21479878,"No Data","No Data","No Data","haloalkaliphilic sulfate>-;sulfide>MESH:D013440;sulfate>MESH:D013431;formate>MESH:C030544;H(2)>MESH:D003903;thiosulfate>MESH:D013885;SRB>-;sulfite>MESH:D013447","Desulfonatronum thioautotrophicum>617001;Desulfonatronum thiosulfatophilum>617002;Desulfonatronovibrio thiodismutans>617000;Desulfonatronovibrio magnus>698827;Desulfonatronum>617002;Desulfonatronovibrio>698827"
27283019,"No Data","Leonardo di>MESH:D003643","No Data","Illumina>-","uncultured bacterium>77133;green algae>3041"
26791382,"No Data","thermophilic archaea>No Data","No Data","SuaI>-;SK-1>-;N(4)>-;xyrose-tryptone solid medium>-","Sulfolobus acidocaldarius>2285;S. acidocaldarius>2285;strain SK-1>1305;shuttle vector>45197;S. islandicus>43080"
30656425,"No Data","No Data","No Data","diethylaminoethyl>-;DEAE>-;water>MESH:D014867","Alicyclobacillus>61169;Alicyclobacillus sp>61169"
22588563,"No Data","alkaliphilic heliobacteria>No Data ; alkaliphilic>No Data ; neutrophilic heliobacteria>MESH:C564275","No Data","water>MESH:D014867;bacteriochlorophyll g>-;OH-chlorophyll>-;carotenoids>MESH:D002338;OH-diaponeurosporene glucosyl esters>-;carbon>MESH:D002244","Heliorestis acidaminivorans>553427;Candidatus Heliomonas lunata>553978;Heliorestis                         acidaminivorans>553427;HR10B>553427;Candidatus Heliomonas lunata'>553978;Heliorestis>553427"
15332861,"No Data","No Data","No Data","sesquiterpenoid>MESH:D012717;copper>MESH:D003300;metal>MESH:D008670;water>MESH:D014867;bisabolane sesquiterpenes>-;coumarin>MESH:C030123","No Data"
23625082,"No Data","No Data","No Data","No Data","algae>569578;Chloromonas nivalis>201319;Trebouxia asymmetrica>13787;Trebouxia erici>60131;Trebouxia glomerata>174040"
18769867,"No Data","No Data","No Data","nitrogen>MESH:D009584;glucose>MESH:D005947;oxygen>MESH:D010100;salt>MESH:D012492;chloride>MESH:D002712;nifH>-","Natronobacillus azotifigens>472978;Bacillus rRNA group 1>1386;Amphibacillus tropicus>173040"
18452025,"No Data","No Data","No Data","salt>MESH:D012492;hypersaline>-;acetate>MESH:D000085;nitrate>MESH:D009566;nitrite>MESH:D009573;N(2)O>MESH:D009609","enrichment cultures>1566732"
10741837,"No Data","novel alkaliphilic organotrophic>MESH:C000657245","No Data","salts>MESH:D012492;nitrite>MESH:D009573","Halomonas magadii>150024;Halomonas>44933;Halomonas elongata>2746;Halomonas halodenitrificans>28252;Halomonas desiderata>52021;Halomonas cupida>44933"
22367932,"No Data","No Data","No Data","silica>MESH:D012822;phosphorus>MESH:D010758;nitrate>MESH:D009566","biota>131567;algae>569578;green algae>3041;yeast>4932;actinomycete>100235"
15316858,"No Data","broth of alkaliphilic>No Data ; hydrolyzed galactomannan>No Data","No Data","SDS>MESH:D012967;glucomannan>MESH:C022901;oligosaccharides>MESH:D009844;monosaccharides>MESH:D009005","Bacillus sp. N16-5>122631"
27209523,"No Data","Cold>MESH:D000067390","No Data","Lip10>-;Gly>MESH:D005998;Xaa>-;Ser>MESH:D012694;metal>MESH:D008670","Monascus ruber>89489;Escherichia coli BL21(DE3)>469008"
32321943,"No Data","Alcolapia>No Data","No Data","sodium>MESH:D012964;silicate>MESH:D017640;NaSi7O13(OH)3>-;H2O>-;lacustrine>-;magadiite>MESH:C542338","flamingos>435638"
31048216,"No Data","water deficit stress>MESH:D003681","No Data","chlorophyll>MESH:D002734;anthocyanin>MESH:D000872;proline>MESH:D011392;TCA>MESH:D014238","Cakile maritima>220483;C. maritima>220483"
15127306,"No Data","alkaliphilic>No Data ; alkaliphilic bacteria>MESH:C537702","No Data","salt>MESH:D012492;NaCl>MESH:D012965;carbonates>MESH:D002254;chlorides>MESH:D002712;ribose>MESH:D012266;xylose>MESH:D014994;glucose>MESH:D005947;mannose>MESH:D008358;fructose>MESH:D005632;sucrose>MESH:D013395;mannitol>MESH:D008353;acetate>MESH:D000085;ethanol>MESH:D000431;formate>MESH:C030544;H2>MESH:D003903;CO2>MESH:D002245","Alkalibacter saccharofermentans>235931;Strain Z>83561;Yeast>4932"
11029415,"No Data","alkaliphilic>No Data","No Data","Arg>MESH:D001120;Lys>MESH:D008239;starch>MESH:D013213;alpha-aminoisobutyric acid>MESH:C100049;ATP>MESH:D000255;RG21>-;SlpA>-","Bacillus pseudofirmus OF4>398511"
12932132,"No Data","migraine>MESH:D008881","No Data","5-HT>MESH:D012701;tyrosine>MESH:D014443;sesquiterpenes>MESH:D012717","higher plants>3193"
27920761,"No Data","extremophilic fungi>No Data ; genus Curvularia>MESH:D056304","No Data","saline>MESH:D012965;water>MESH:D014867;phenol>MESH:D019800;lignin>MESH:D008031","Curvularia lonarensis>1912045;Curvularia sp.>1715225;Curvularia pseudorobusta>554547"
15999222,"No Data","No Data","No Data","oil>MESH:D009821;hydrocarbons>MESH:D006838;long-chain alkanes>-;n-C24>-;n-C34>-;pristane>MESH:C009042;(methyl-)naphthalenes>-;xylenes>MESH:D014992;carbon>MESH:D002244;o-xylene>MESH:C026114;methylnaphthalenes>-","mixed culture>1306155"
17215355,"No Data","No Data","No Data","water>MESH:D014867;NaCl solution>-","Haloarcula marismortui>2238;H. marismortui>2238;Escherichia coli>562"
11699647,"No Data","No Data","No Data","glycine>MESH:D005998","actinomycete>100235;Streptomyces>1928;Streptomyces sp. strai>133452;11AG8>133452;Escherichia coli>562;Streptomyces rochei>1928;Bacillus>1390;Bacillus amyloliquefaciens>1390;Bacillus subtilis>1423"
24455210,"No Data","No Data","No Data","oil>MESH:D009821","Staphylococcus arlettae>29378"
16708165,"No Data","No Data","No Data","methionine>MESH:D008715;gamma-hydroxyl>-;homoserine>MESH:D006714;acetyl-coenzyme A>MESH:D000105;CoA>MESH:D000105;succinyl-CoA>-;acetate>MESH:D000085;acetyl-CoA>-;iodoacetamide>MESH:D007460;cysteine>MESH:D003545","Thermotoga maritima>2336;T. maritima>2336"
20373120,"No Data","shock>MESH:D012769 ; cold>MESH:D000067390","No Data","NaCl>MESH:D012965","algae>569578;Chlamydomonas sp. ICE-L>309537;green algae>3041;brown algae>2870"
23609187,"No Data","alkaliphilic or alkalitolerant>No Data ; alkaliphilic>No Data ; alkaliphilic bacterial genera>MESH:D016920","No Data","water>MESH:D014867","purple non-sulfur bacteria>1224"
9783184,"No Data","No Data","No Data","salt>MESH:D012492;carbon>MESH:D002244","Dietzia natronolimnaios>161920;Dietzia>161920;Dietzia maris>37915;D. maris>37915"
17404715,"No Data","No Data","No Data","sodium carbonate>MESH:C005686;sodium bicarbonate>MESH:D017693;chloride>MESH:D002712;sulfate>MESH:D013431;natron>MESH:C005686;water>MESH:D014867;carotenoids>MESH:D002338;scytonemin>MESH:C083368;chlorophyll>MESH:D002734","No Data"
20890499,"No Data","haloalkaliphilic bacterium Halomonas alkaliantarctica>No Data","No Data","lipopolysaccharide>MESH:D008070;salt>MESH:D012492;LPS>MESH:D008070;polysaccharide>MESH:D011134;-beta-l-Rhap-(1>-;)-alpha-l-Rhap-(>-;-alpha-l-Rhap->-;heptose>MESH:D006539","Halomonas alkaliantarctica>232346"
18335164,"No Data","No Data","No Data","water>MESH:D014867;NaCl>MESH:D012965;cyano-tetrazolium chloride>-;resazurin>MESH:C005843;leucine>MESH:D007930","Psychrobacter arcticus>334543;Exiguobacterium sibiricum>332410;P. arcticus>334543;E. sibiricum>332410"
12579380,"No Data","No Data","No Data","DD 39>-;sodium chloride>MESH:D012965;esculin>MESH:D004929;nitrate>MESH:D009566;glycerol>MESH:D005990;carbon>MESH:D002244;ampicillin>MESH:D000667;erythromycin>MESH:D004917;nalidixic acid>MESH:D009268;C>MESH:D002244;cyclo-C>MESH:D003504","Halomonas glaciei>186761;Halomonas>186761;H. variabilis>31910;H. glaciei>186761"
16491340,"No Data","haloalkaliphilic bacteria>MESH:C537702 ; Alkalispirillum-Alkalilimnicola>No Data ; genera Alkalispirillum and Alkalilimnicola>No Data ; haloalkaliphilic>No Data","No Data","nitrate>MESH:D009566;H2>MESH:D003903;polysulfide>MESH:C032915;N2O>MESH:D009609;sulfide>MESH:D013440;acetate>MESH:D000085;nitrite>MESH:D009573;arsenite>MESH:C015001","Alkalilimnicola halodurans>133194;Alkalispirillum mobile>85925;Alkalilimnicola sp>1872450"
19218420,"No Data","Strain SLAS-1(T>MESH:D013180 ; arrABD>No Data ; SLAS-1(T>MESH:D049932","No Data","arsenate>MESH:C025657;salt>MESH:D012492;arsenic oxyanions>-;lipids>MESH:D008055;sulfate>MESH:D013431","Halarsenatibacter silvermanii>321763;SLAS-1>321763;enrichment culture>1566338;Halorhabdus utahensis>146826"
38338439,"NULL","NULL","NULL","NULL","NULL"
16133657,"No Data","No Data","No Data","carbohydrate>MESH:D002241;CelX>-;cellobiose>MESH:D002475","Pseudoalteromonas sp>53249;Pseudoalteromonas>53249"
27061088,"No Data","toxicity>MESH:D064420 ; dehydration>MESH:D003681 ; phytotoxicity>No Data ; toxicity symptoms>MESH:D051271","No Data","Cd>MESH:D002104;NaCl>MESH:D012965;water>MESH:D014867;GSH>MESH:D005978;proline>MESH:D011392;salt>MESH:D012492;HS>MESH:D006859;chlorophyll>MESH:D002734;glutathione>MESH:D005978;CO2>MESH:D002245;LS-Cd>-;jasmonic acid>MESH:C011006;JA>MESH:C011006;salicylic acid>MESH:D020156;SA>MESH:D020156;abscisic acid>MESH:D000040;ABA>MESH:D000040","Sesuvium portulacastrum>221166;S. portulacastrum>221166"
10879561,"NULL","NULL","NULL","NULL","NULL"
21461912,"No Data","No Data","No Data","DPPH radical>-;hydroxyl radical>MESH:D017665;linoleic acid>MESH:D019787;INM-7862>-","Geobacillus toebii>153151;G. toebii (strain>153151;G. toebii>153151"
28000023,"No Data","dehydrated thallus of the Antarctic>MESH:D003681 ; alga Prasiola crispa>No Data","No Data","1H>-;water>MESH:D014867","Prasiola crispa>173492;P. crispa>173492"
26476701,"No Data","P deficiency>MESH:C537241","No Data","phosphorus>MESH:D010758;KH2PO4>-;salt>MESH:D012492;NaCl>MESH:D012965;C>MESH:D002244;S>MESH:D013455;proline>MESH:D011392;P>MESH:D010758;water>MESH:D014867;Proline>MESH:D011392;sugars>MESH:D000073893","Aeluropus littoralis>110874;A. littoralis>110874"
21974779,"No Data","Phosphorus deficiency>MESH:D010760 ; P stress>MESH:D000079225 ; P deficiency>MESH:C537241","No Data","phosphorus>MESH:D010758;water>MESH:D014867;P>MESH:D010758;NaCl>MESH:D012965;salt>MESH:D012492;proline>MESH:D011392;sugar>MESH:D000073893","barley>4513;Hordeum vulgare L>4513"
21424516,"No Data","Sphingobacteria>No Data","No Data","No Data","No Data"
27114252,"No Data","No Data","No Data","agar>MESH:D000362;NaCl>MESH:D012965","Bacillus Subtilis>1423;Bacillus subtilis>1423"
24287927,"No Data","No Data","No Data","p-NP dodecanoate>-;tricaprylin>MESH:C003637;canola oil>MESH:D000074262","Geobacillus sp. 95>1334018;Geobacillus sp. st>1334018;Geobacillus>1334018"
15480866,"No Data","No Data","No Data","No Data","enrichment cultures>1566732;Natronoincola histidinovorans>89959;Halocella cellulolytica>46467;enrichment>1566732;Xanthomonas campestris>339;Fibrobacter succinogenes>833"
26045157,"No Data","psychrotolerant species of Cyanobacteria>MESH:C564159","No Data","sulfide>MESH:D013440;water>MESH:D014867;Sulfur>MESH:D013455;iron>MESH:D007501","No Data"
18048917,"No Data","alkaliphilic>No Data","No Data","BP>MESH:C038809;ncbA>-","Bacillus pseudofirmus OF4>398511;Bacillus subtilis>1423;B. pseudofirmus OF4>398511;Escherichia coli>562"
20657662,"No Data","No Data","No Data","SA formalism>-;water>MESH:D014867","Deinococcus radiodurans>1299;D. radiodurans>1299"
11057912,"No Data","No Data","No Data","glucose>MESH:D005947;ethanol>MESH:D000431;acetate>MESH:D000085;lactate>MESH:D019344;lactic acid>MESH:D019344;fructose-1.6-diphosphate>MESH:C029063;FDP>MESH:C029063;potassium>MESH:D011188;ATP>MESH:D000255","Thermoanaerobacter wiegelii>46354;T. wiegelii>46354"
26859958,"No Data","Extremophilic Yeast Yarrowia Lipolytica>MESH:D002181 ; pH-Stress>MESH:D000079225 ; SODs>No Data","No Data","ROS>-","CATs>9685;Yarrowia lipolytica>4952;yeasts>4932;Y. lipolytica>4952"
10972189,"No Data","rrnC-rrnD>No Data ; rrnJ-rrnW>No Data","No Data","No Data","Bacillus halodurans C-125>272558;B. subtilis>1423;lambda phage>10710;B. halodurans C-125>272558;B. halodurans>86665"
16382574,"No Data","No Data","No Data","tetraether lipid>-;dipalmitoylphosphatidylcholine>MESH:D015060;lipid bilayer>MESH:D008051;tetraether lipids>-;DPPC>MESH:D015060;lipid>MESH:D008055;lipids>MESH:D008055;beta-L-Gulose>-;Sugar>MESH:D000073893;cyclopentane>MESH:D003517","Thermoplasma acidophilum>2303;T. acidophilum>2303"
10972188,"No Data","halotolerant and psychrotolerant>No Data ; alkaliphilic Bacillus>MESH:D000881","No Data","NaCl>MESH:D012965;beta-lactam>MESH:D047090;sulfonamide>MESH:D013449;aminoglycoside>MESH:D000617;trimethoprim>MESH:D014295;sugars>MESH:D000073893;polyols>MESH:C024617;D>MESH:D003903;glucose>MESH:D005947;D(+)-cellobiose>-;starch>MESH:D013213;sucrose>MESH:D013395;lipids>MESH:D008055;phosphatidylglycerol>MESH:D010715;diphosphatidylglycerol>MESH:D002308;phosphatidylethanolamine>MESH:C483858;phospholipids>MESH:D010743;13-methyl tetradecanoic>-;12-methyl tetradecanoic acids>MESH:C069642","Bacillus sp. WW3-SN6>92608;WW3-SN6>92608"
11354456,"No Data","No Data","No Data","No Data","Bacillus sp. strai>122089;P-4-N>122089;Bacillus sp>1409;Aspergillus nidulans>162425;Colletotrichum gloeosporioides f. sp. malvae>96478"
15841343,"No Data","novel haloalkaliphilic archaea>MESH:C000657245 ; haloalkaliphilic archaea>No Data ; motile pleomorphic flats>MESH:D015835","No Data","NaCl>MESH:D012965;diphytanyl>-;phytanyl-sesterterpanyl diether>-;phosphatidylglycerol>MESH:D010715;phosphatidylglycerophosphate methyl ester>MESH:C407124;glycolipids>MESH:D006017","Natronolimnobius baerhuensis>253108;Natronolimnobius innermongolicus>253107"
23708551,"No Data","Caldicellulosiruptor>No Data ; chemolithoautotrophic genus Acidithiobacillus>MESH:D056304","No Data","Sulfurihydrogenibium>-","metagenome>256318"
15844013,"No Data","pressurization>MESH:D006973","No Data","No Data","Shewanella violacea DSS12>637905;S. violacea>1936;Escherichia coli>562"
20344941,"No Data","alkaliphilic bacteria>MESH:C537702","No Data","agar>MESH:D000362;ZL223>-","Bacillus>398511;Bacillus pseudofirmus OF4>398511;OF4>398511;Bacillus pseudofirmus>79885"
11057913,"No Data","alkaliphilic bacillus>MESH:D000881","No Data","fatty acid>MESH:D005227;YN-2000>-;indigo>MESH:D007203;unsaturated fatty acids>MESH:D005231;unsaturated fatty acid>MESH:D005231;anteiso->-;iso-branched fatty acid>-","Bacillus sp.>1409;Bacillus cohnii>33932;Bacillus subtilis>1423;Bacillus alcalophilus>1445"
22260050,"No Data","No Data","No Data","agar>MESH:D000362;water>MESH:D014867;(NH4)2SO4>-;DEAE-sepharose>-;NaCl>MESH:D012965;metal>MESH:D008670;EDTA>MESH:D004492;SDS>MESH:D012967;Fe2+>-;Mn2+>-;Co2+>MESH:D002245;Zn2+>-","Bacillus>76935;Hg2>2699479;Bacillus agaradhaerens>76935"
17406782,"No Data","No Data","No Data","salt>MESH:D012492;urea>MESH:D014508;tryptophan>MESH:D014364","Halobacterium salinarum>2242"
16932842,"No Data","alkaliphilic>No Data","No Data","IMP-300>-;sodium salts>-;arginine>MESH:D001120;ornithine>MESH:D009952;acetate>MESH:D000085;propionate>MESH:D011422;ammonium>MESH:D064751;fatty acid>MESH:D005227;cyclopropane fatty acids>MESH:C028775","Tindallia texcoconensis>361365;Tindallia>159292;Tindallia californiensis>159292;T. texcoconensis>361365"
19779762,"No Data","No Data","No Data","MnO(>-;MnO(2)>-;salt>MESH:D012492;hypersaline>-;acetate>MESH:D000085;formate>MESH:C030544;glucose>MESH:D005947;glycerol>MESH:D005990","enrichment culture>1566338;enrichment>1566338;Bacillus arseniciselenatis>85682;Bacillus sp. strai>622665;AMnr1>622665"
24726350,"No Data","No Data","No Data","water>MESH:D014867;Mn4CaO5>-;oxygen>MESH:D010100","Cyanidioschyzon merolae>45157"
18957864,"No Data","thermoalkaliphile Anaerobranca gottschalkii>No Data","No Data","No Data","Anaerobranca gottschalkii>108328;A. gottschalkii>108328"
11747292,"No Data","HBPC films>No Data","No Data","hydrogen>MESH:D006859;phosphocholine>MESH:D010767;phosphate>MESH:D010710;omega->-","No Data"
11778838,"No Data","alkaliphilic>No Data","No Data","2-4-dichlorophenoxyacetic acid>MESH:D015084;2-4-D>MESH:D015084;2-methyl-4-chlorophenoxyacetic acid>MESH:D008456;3-chlorobenzoic acid>MESH:C036427;water>MESH:D014867;mercury>MESH:D008628;2-4-D and 3-chlorobenzoate>-;carbon>MESH:D002244;pyruvate>MESH:D019289;benzoate>MESH:D001565;alpha-ketoglutarate>MESH:D007656;chlorocatechol>-","Halomonas sp. EF43>133486;plasmid pJP4>2580;EF43>133486;plasmid>2580;Halomonas sp>1486246;Halomonas>1486246"
7908011,"No Data","extremophilic proteins>MESH:D018455","No Data","glutamic acid>MESH:D018698;Ala>MESH:D000409;Asn>MESH:D001216;Arg>MESH:D001120;Lys>MESH:D008239;Phe>MESH:D010649;Ser>MESH:D012694;water>MESH:D014867","Halobacterium volcanii>2246;Thermotoga maritima>2336"
9672682,"No Data","alkaliphilic Bacillus YN-2000>MESH:D000881","No Data","cyanide>MESH:D003486;oxygen>MESH:D010100;menaquinones>MESH:D024482","Bacillus; a>1582;Bacillus>72581;YN-1>72581;Bacillus YN-1>72581"
10741831,"No Data","archaeon Sulfolobus solfataricus>No Data","No Data","ATP>MESH:D000255","Sulfolobus solfataricus>2287"
17673945,"No Data","toxicity>MESH:D064420","No Data","lanthanide>MESH:D028581;L>MESH:D007930;OOH>-;lanthanides>MESH:D028581;metal>MESH:D008670;L-substituted magnetite>-;Fe>MESH:D007501;L->MESH:D007930","Thermoanaerobacter sp>1755"
